inventory_id,global_id,warehouse_id,product_id,stock,reorder_point,avg_daily_demand,restock_lead_days,is_synthetic
1,inventory:1,1,1360,14,6,0.5,6,True
2,inventory:2,1,365,5,6,0.5,5,True
3,inventory:3,1,627,2,4,0.5,4,True
4,inventory:4,1,502,12,6,0.5,6,True
5,inventory:5,1,278,6,4,0.5,8,True
6,inventory:6,1,249,11,5,0.5,9,True
7,inventory:7,1,191,6,6,0.5,4,True
8,inventory:8,1,917,7,6,0.5,5,True
9,inventory:9,1,828,11,5,0.5,8,True
10,inventory:10,1,642,12,6,0.5,6,True
11,inventory:11,1,818,6,7,0.5,8,True
12,inventory:12,1,825,5,5,0.5,7,True
13,inventory:13,1,306,14,6,0.5,4,True
14,inventory:14,1,977,10,7,0.5,5,True
15,inventory:15,1,44,16,7,0.5,7,True
16,inventory:16,1,251,7,5,0.5,7,True
17,inventory:17,1,403,6,5,0.5,8,True
18,inventory:18,1,957,17,7,0.5,9,True
19,inventory:19,1,1352,7,7,0.5,9,True
20,inventory:20,1,1349,7,5,0.5,3,True
21,inventory:21,1,1351,10,6,0.5,6,True
22,inventory:22,1,60,9,5,0.5,8,True
23,inventory:23,1,24,3,5,0.5,5,True
24,inventory:24,1,567,11,5,0.5,9,True
25,inventory:25,1,893,10,5,0.5,6,True
26,inventory:26,1,924,3,6,0.5,9,True
27,inventory:27,1,905,9,5,0.5,5,True
28,inventory:28,1,564,3,5,0.5,3,True
29,inventory:29,1,885,3,6,0.5,3,True
30,inventory:30,1,1363,5,7,0.5,6,True
31,inventory:31,1,1353,8,6,0.5,7,True
32,inventory:32,1,1357,8,4,0.5,7,True
33,inventory:33,1,906,3,4,0.5,9,True
34,inventory:34,1,886,11,7,0.5,7,True
35,inventory:35,1,926,9,5,0.5,4,True
36,inventory:36,1,116,11,7,0.5,9,True
37,inventory:37,1,235,6,6,0.5,9,True
38,inventory:38,1,273,7,6,0.5,8,True
39,inventory:39,1,282,4,4,0.5,4,True
40,inventory:40,1,359,3,6,0.5,5,True
41,inventory:41,1,565,10,6,0.5,6,True
42,inventory:42,1,572,14,7,0.5,4,True
43,inventory:43,1,804,5,4,0.5,7,True
44,inventory:44,1,822,5,6,0.5,4,True
45,inventory:45,1,835,7,5,0.5,3,True
46,inventory:46,1,276,4,5,0.5,3,True
47,inventory:47,1,823,6,7,0.5,8,True
48,inventory:48,1,203,3,7,0.5,5,True
49,inventory:49,1,364,3,7,0.5,9,True
50,inventory:50,1,1350,17,7,0.5,4,True
51,inventory:51,1,897,11,7,0.5,9,True
52,inventory:52,1,37,8,4,0.5,3,True
53,inventory:53,1,172,8,6,0.5,7,True
54,inventory:54,1,810,4,6,0.5,7,True
55,inventory:55,1,821,7,4,0.5,8,True
56,inventory:56,1,93,10,7,0.5,8,True
57,inventory:57,1,1347,12,5,0.5,6,True
58,inventory:58,1,305,8,7,0.5,9,True
59,inventory:59,1,1004,7,5,0.5,4,True
60,inventory:60,1,1346,13,7,0.5,3,True
61,inventory:61,1,58,8,7,0.5,4,True
62,inventory:62,1,311,6,7,0.5,7,True
63,inventory:63,1,303,7,7,0.5,7,True
64,inventory:64,1,1354,14,6,0.5,6,True
65,inventory:65,1,1348,7,4,0.5,4,True
66,inventory:66,1,78,3,5,0.5,5,True
67,inventory:67,1,258,7,7,0.5,6,True
68,inventory:68,1,797,10,5,0.5,8,True
69,inventory:69,1,981,9,7,0.5,6,True
70,inventory:70,1,1355,12,7,0.5,4,True
71,inventory:71,1,135,10,7,0.5,3,True
72,inventory:72,1,134,3,4,0.5,4,True
73,inventory:73,1,845,4,4,0.5,7,True
74,inventory:74,1,982,5,4,0.5,7,True
75,inventory:75,1,625,6,6,0.5,5,True
76,inventory:76,1,1359,6,4,0.5,5,True
77,inventory:77,1,1356,4,6,0.5,5,True
78,inventory:78,1,607,3,4,0.5,5,True
79,inventory:79,1,1358,10,5,0.5,6,True
80,inventory:80,1,1362,7,5,0.5,4,True
81,inventory:81,1,295,6,4,0.5,7,True
82,inventory:82,1,127,6,5,0.5,8,True
83,inventory:83,1,61,16,7,0.5,3,True
84,inventory:84,1,35,6,4,0.5,4,True
85,inventory:85,1,858,10,5,0.5,8,True
86,inventory:86,1,860,14,6,0.5,9,True
87,inventory:87,1,216,5,4,0.5,9,True
88,inventory:88,1,19,4,6,0.5,8,True
89,inventory:89,1,226,3,7,0.5,5,True
90,inventory:90,1,208,13,6,0.5,6,True
91,inventory:91,1,793,14,6,0.5,5,True
92,inventory:92,1,792,4,6,0.5,4,True
93,inventory:93,1,786,7,7,0.5,3,True
94,inventory:94,1,778,4,6,0.5,6,True
95,inventory:95,1,777,10,7,0.5,5,True
96,inventory:96,1,775,7,7,0.5,9,True
97,inventory:97,1,773,9,7,0.5,6,True
98,inventory:98,1,771,11,5,0.5,9,True
99,inventory:99,1,768,14,6,0.5,5,True
100,inventory:100,1,743,5,5,0.5,4,True
101,inventory:101,1,730,4,5,0.5,3,True
102,inventory:102,1,728,5,6,0.5,6,True
103,inventory:103,1,725,6,5,0.5,7,True
104,inventory:104,1,724,9,5,0.5,6,True
105,inventory:105,1,715,11,5,0.5,6,True
106,inventory:106,1,705,5,6,0.5,3,True
107,inventory:107,1,703,2,5,0.5,9,True
108,inventory:108,1,691,4,6,0.5,9,True
109,inventory:109,1,677,5,7,0.5,4,True
110,inventory:110,1,671,16,7,0.5,4,True
111,inventory:111,1,666,11,6,0.5,7,True
112,inventory:112,1,652,8,7,0.5,6,True
113,inventory:113,1,647,9,6,0.5,4,True
114,inventory:114,1,646,8,5,0.5,5,True
115,inventory:115,1,1361,7,7,0.5,3,True
116,inventory:116,1,1073,2,4,0.5,8,True
117,inventory:117,1,1059,2,5,0.5,4,True
118,inventory:118,1,1014,4,5,0.5,9,True
119,inventory:119,2,1360,5,5,0.5,5,True
120,inventory:120,2,365,21,31,3.33,7,True
121,inventory:121,2,627,24,12,1.42,3,True
122,inventory:122,2,502,87,37,2.64,3,True
123,inventory:123,2,278,6,6,0.5,6,True
124,inventory:124,2,249,14,7,0.5,8,True
125,inventory:125,2,191,31,23,1.68,8,True
126,inventory:126,2,917,14,7,0.5,8,True
127,inventory:127,2,828,4,7,0.5,5,True
128,inventory:128,2,642,14,7,0.5,3,True
129,inventory:129,2,818,3,6,0.5,3,True
130,inventory:130,2,825,14,7,0.5,8,True
131,inventory:131,2,306,4,7,0.5,7,True
132,inventory:132,2,977,6,5,0.5,8,True
133,inventory:133,2,44,6,6,0.5,3,True
134,inventory:134,2,251,6,5,0.5,3,True
135,inventory:135,2,403,20,9,0.96,9,True
136,inventory:136,2,957,6,6,0.6,8,True
137,inventory:137,2,1352,5,5,0.5,6,True
138,inventory:138,2,1349,4,6,0.5,8,True
139,inventory:139,2,1351,7,6,0.5,5,True
140,inventory:140,2,60,7,7,0.5,7,True
141,inventory:141,2,24,17,7,0.5,9,True
142,inventory:142,2,567,5,7,0.5,9,True
143,inventory:143,2,893,10,5,0.5,6,True
144,inventory:144,2,924,6,6,0.5,4,True
145,inventory:145,2,905,6,4,0.5,9,True
146,inventory:146,2,564,4,7,0.5,5,True
147,inventory:147,2,885,4,7,0.5,7,True
148,inventory:148,2,1363,6,6,0.5,3,True
149,inventory:149,2,1353,9,4,0.5,7,True
150,inventory:150,2,1357,6,7,0.5,4,True
151,inventory:151,2,906,11,6,0.5,5,True
152,inventory:152,2,886,4,6,0.5,7,True
153,inventory:153,2,926,9,7,0.5,3,True
154,inventory:154,2,116,10,7,0.5,8,True
155,inventory:155,2,235,2,4,0.5,9,True
156,inventory:156,2,273,16,7,0.5,5,True
157,inventory:157,2,282,7,5,0.5,5,True
158,inventory:158,2,359,4,5,0.5,6,True
159,inventory:159,2,565,9,5,0.5,9,True
160,inventory:160,2,572,2,4,0.5,3,True
161,inventory:161,2,804,9,5,0.5,7,True
162,inventory:162,2,822,9,4,0.5,9,True
163,inventory:163,2,835,5,7,0.5,8,True
164,inventory:164,2,276,6,5,0.5,9,True
165,inventory:165,2,823,3,5,0.5,6,True
166,inventory:166,2,203,5,5,0.5,7,True
167,inventory:167,2,364,5,5,0.5,5,True
168,inventory:168,2,1350,7,6,0.5,4,True
169,inventory:169,2,897,12,6,0.5,5,True
170,inventory:170,2,37,8,5,0.5,4,True
171,inventory:171,2,172,13,6,0.5,9,True
172,inventory:172,2,810,4,7,0.5,7,True
173,inventory:173,2,821,14,6,0.5,6,True
174,inventory:174,2,93,4,6,0.5,6,True
175,inventory:175,2,1347,8,4,0.5,6,True
176,inventory:176,2,305,11,6,0.5,8,True
177,inventory:177,2,1004,15,9,0.76,9,True
178,inventory:178,2,1346,15,7,0.5,6,True
179,inventory:179,2,58,6,4,0.5,9,True
180,inventory:180,2,311,11,5,0.5,8,True
181,inventory:181,2,303,4,5,0.5,7,True
182,inventory:182,2,1354,9,5,0.5,5,True
183,inventory:183,2,1348,9,4,0.5,4,True
184,inventory:184,2,78,6,7,0.5,4,True
185,inventory:185,2,258,13,7,0.5,5,True
186,inventory:186,2,797,6,6,0.5,7,True
187,inventory:187,2,981,7,4,0.5,5,True
188,inventory:188,2,1355,2,4,0.5,9,True
189,inventory:189,2,135,14,7,0.5,8,True
190,inventory:190,2,134,8,6,0.5,9,True
191,inventory:191,2,845,7,5,0.5,6,True
192,inventory:192,2,982,10,6,0.5,7,True
193,inventory:193,2,625,4,7,0.5,9,True
194,inventory:194,2,1359,4,5,0.5,8,True
195,inventory:195,2,1356,4,5,0.5,5,True
196,inventory:196,2,607,10,7,0.5,7,True
197,inventory:197,2,1358,2,4,0.5,9,True
198,inventory:198,2,1362,3,5,0.5,5,True
199,inventory:199,2,295,6,7,0.5,4,True
200,inventory:200,2,127,8,5,0.5,5,True
201,inventory:201,2,61,7,6,0.5,6,True
202,inventory:202,2,35,5,7,0.5,8,True
203,inventory:203,2,858,13,6,0.5,5,True
204,inventory:204,2,860,8,5,0.5,7,True
205,inventory:205,2,216,3,5,0.5,3,True
206,inventory:206,2,19,7,7,0.5,3,True
207,inventory:207,2,226,8,4,0.5,8,True
208,inventory:208,2,208,4,7,0.5,5,True
209,inventory:209,2,793,8,4,0.5,3,True
210,inventory:210,2,792,7,5,0.5,8,True
211,inventory:211,2,786,10,7,0.5,5,True
212,inventory:212,2,778,14,6,0.5,5,True
213,inventory:213,2,777,4,7,0.5,4,True
214,inventory:214,2,775,13,6,0.5,3,True
215,inventory:215,2,773,6,6,0.5,7,True
216,inventory:216,2,771,6,5,0.5,5,True
217,inventory:217,2,768,6,6,0.5,6,True
218,inventory:218,2,743,5,5,0.5,9,True
219,inventory:219,2,730,11,5,0.5,5,True
220,inventory:220,2,728,4,6,0.5,6,True
221,inventory:221,2,725,6,7,0.5,7,True
222,inventory:222,2,724,2,5,0.5,3,True
223,inventory:223,2,715,17,7,0.5,3,True
224,inventory:224,2,705,7,4,0.5,3,True
225,inventory:225,2,703,12,6,0.5,3,True
226,inventory:226,2,691,2,5,0.5,5,True
227,inventory:227,2,677,7,7,0.5,7,True
228,inventory:228,2,671,3,5,0.5,5,True
229,inventory:229,2,666,12,6,0.5,6,True
230,inventory:230,2,652,15,7,0.5,5,True
231,inventory:231,2,647,8,5,0.5,8,True
232,inventory:232,2,646,5,5,0.5,6,True
233,inventory:233,2,1361,14,6,0.5,9,True
234,inventory:234,2,1073,11,7,0.68,9,True
235,inventory:235,2,1059,3,4,0.5,6,True
236,inventory:236,2,1014,17,28,2.61,8,True
237,inventory:237,3,1360,3,4,0.5,9,True
238,inventory:238,3,365,5,8,0.63,4,True
239,inventory:239,3,627,4,7,0.5,9,True
240,inventory:240,3,502,14,8,0.6,4,True
241,inventory:241,3,278,13,7,0.5,8,True
242,inventory:242,3,249,6,6,0.5,9,True
243,inventory:243,3,191,11,7,0.5,7,True
244,inventory:244,3,917,8,6,0.5,7,True
245,inventory:245,3,828,5,7,0.5,8,True
246,inventory:246,3,642,7,5,0.5,5,True
247,inventory:247,3,818,3,6,0.5,6,True
248,inventory:248,3,825,8,5,0.5,8,True
249,inventory:249,3,306,11,6,0.5,7,True
250,inventory:250,3,977,12,6,0.5,8,True
251,inventory:251,3,44,10,6,0.5,7,True
252,inventory:252,3,251,4,4,0.5,8,True
253,inventory:253,3,403,13,7,0.5,6,True
254,inventory:254,3,957,6,4,0.5,4,True
255,inventory:255,3,1352,15,7,0.5,4,True
256,inventory:256,3,1349,10,6,0.5,5,True
257,inventory:257,3,1351,13,6,0.5,5,True
258,inventory:258,3,60,10,7,0.5,4,True
259,inventory:259,3,24,3,4,0.5,5,True
260,inventory:260,3,567,6,5,0.5,9,True
261,inventory:261,3,893,5,6,0.5,9,True
262,inventory:262,3,924,4,4,0.5,3,True
263,inventory:263,3,905,10,5,0.5,8,True
264,inventory:264,3,564,5,7,0.5,9,True
265,inventory:265,3,885,9,7,0.5,7,True
266,inventory:266,3,1363,9,4,0.5,9,True
267,inventory:267,3,1353,9,6,0.5,9,True
268,inventory:268,3,1357,10,5,0.5,7,True
269,inventory:269,3,906,7,4,0.5,6,True
270,inventory:270,3,886,15,7,0.5,8,True
271,inventory:271,3,926,9,4,0.5,4,True
272,inventory:272,3,116,10,7,0.5,8,True
273,inventory:273,3,235,8,6,0.5,7,True
274,inventory:274,3,273,2,4,0.5,7,True
275,inventory:275,3,282,5,7,0.5,4,True
276,inventory:276,3,359,7,5,0.5,9,True
277,inventory:277,3,565,8,5,0.5,4,True
278,inventory:278,3,572,8,5,0.5,5,True
279,inventory:279,3,804,11,5,0.5,9,True
280,inventory:280,3,822,15,7,0.5,4,True
281,inventory:281,3,835,10,6,0.5,7,True
282,inventory:282,3,276,3,6,0.5,3,True
283,inventory:283,3,823,12,6,0.5,9,True
284,inventory:284,3,203,2,5,0.5,8,True
285,inventory:285,3,364,8,6,0.5,6,True
286,inventory:286,3,1350,4,5,0.5,3,True
287,inventory:287,3,897,12,5,0.5,6,True
288,inventory:288,3,37,5,5,0.5,9,True
289,inventory:289,3,172,8,6,0.5,5,True
290,inventory:290,3,810,14,6,0.5,5,True
291,inventory:291,3,821,3,6,0.5,4,True
292,inventory:292,3,93,7,5,0.5,9,True
293,inventory:293,3,1347,11,6,0.5,3,True
294,inventory:294,3,305,10,7,0.5,7,True
295,inventory:295,3,1004,2,5,0.5,7,True
296,inventory:296,3,1346,7,4,0.5,3,True
297,inventory:297,3,58,6,4,0.5,9,True
298,inventory:298,3,311,15,7,0.5,5,True
299,inventory:299,3,303,11,6,0.5,6,True
300,inventory:300,3,1354,5,7,0.5,3,True
301,inventory:301,3,1348,8,4,0.5,9,True
302,inventory:302,3,78,3,4,0.5,5,True
303,inventory:303,3,258,7,6,0.5,3,True
304,inventory:304,3,797,7,5,0.5,3,True
305,inventory:305,3,981,16,7,0.5,5,True
306,inventory:306,3,1355,4,6,0.5,8,True
307,inventory:307,3,135,4,7,0.5,5,True
308,inventory:308,3,134,11,5,0.5,6,True
309,inventory:309,3,845,9,5,0.5,9,True
310,inventory:310,3,982,12,6,0.5,6,True
311,inventory:311,3,625,8,5,0.5,3,True
312,inventory:312,3,1359,9,5,0.5,3,True
313,inventory:313,3,1356,14,7,0.5,5,True
314,inventory:314,3,607,12,6,0.5,3,True
315,inventory:315,3,1358,5,6,0.5,4,True
316,inventory:316,3,1362,15,7,0.5,9,True
317,inventory:317,3,295,16,7,0.5,9,True
318,inventory:318,3,127,11,5,0.5,9,True
319,inventory:319,3,61,8,5,0.5,6,True
320,inventory:320,3,35,5,5,0.5,7,True
321,inventory:321,3,858,5,4,0.5,4,True
322,inventory:322,3,860,12,7,0.5,7,True
323,inventory:323,3,216,8,6,0.5,6,True
324,inventory:324,3,19,10,5,0.5,5,True
325,inventory:325,3,226,14,7,0.5,4,True
326,inventory:326,3,208,13,6,0.5,4,True
327,inventory:327,3,793,13,7,0.5,5,True
328,inventory:328,3,792,12,7,0.5,4,True
329,inventory:329,3,786,9,7,0.5,8,True
330,inventory:330,3,778,13,7,0.5,3,True
331,inventory:331,3,777,9,7,0.5,6,True
332,inventory:332,3,775,4,6,0.5,8,True
333,inventory:333,3,773,9,7,0.5,4,True
334,inventory:334,3,771,4,5,0.5,4,True
335,inventory:335,3,768,16,7,0.5,6,True
336,inventory:336,3,743,6,4,0.5,5,True
337,inventory:337,3,730,8,6,0.5,6,True
338,inventory:338,3,728,7,5,0.5,5,True
339,inventory:339,3,725,8,6,0.5,7,True
340,inventory:340,3,724,13,7,0.5,3,True
341,inventory:341,3,715,15,7,0.5,5,True
342,inventory:342,3,705,8,5,0.5,7,True
343,inventory:343,3,703,6,7,0.5,4,True
344,inventory:344,3,691,6,6,0.5,6,True
345,inventory:345,3,677,8,7,0.5,6,True
346,inventory:346,3,671,17,7,0.5,6,True
347,inventory:347,3,666,10,5,0.5,9,True
348,inventory:348,3,652,5,4,0.5,9,True
349,inventory:349,3,647,9,6,0.5,9,True
350,inventory:350,3,646,10,5,0.5,6,True
351,inventory:351,3,1361,13,6,0.5,7,True
352,inventory:352,3,1073,4,5,0.5,6,True
353,inventory:353,3,1059,6,7,0.5,7,True
354,inventory:354,3,1014,3,5,0.5,3,True
355,inventory:355,4,1360,7,5,0.5,9,True
356,inventory:356,4,365,81,155,11.11,5,True
357,inventory:357,4,627,112,53,4.96,6,True
358,inventory:358,4,502,118,90,9.44,5,True
359,inventory:359,4,278,14,7,0.5,4,True
360,inventory:360,4,249,5,4,0.5,6,True
361,inventory:361,4,191,42,39,5.51,9,True
362,inventory:362,4,917,7,6,0.5,6,True
363,inventory:363,4,828,5,6,0.5,4,True
364,inventory:364,4,642,11,6,0.5,3,True
365,inventory:365,4,818,8,4,0.5,7,True
366,inventory:366,4,825,10,5,0.5,9,True
367,inventory:367,4,306,6,7,0.5,5,True
368,inventory:368,4,977,7,5,0.5,9,True
369,inventory:369,4,44,9,5,0.5,3,True
370,inventory:370,4,251,4,7,0.5,6,True
371,inventory:371,4,403,94,42,3.31,9,True
372,inventory:372,4,957,48,26,2.12,6,True
373,inventory:373,4,1352,14,6,0.5,6,True
374,inventory:374,4,1349,4,4,0.5,3,True
375,inventory:375,4,1351,9,7,0.5,3,True
376,inventory:376,4,60,13,6,0.5,8,True
377,inventory:377,4,24,10,5,0.5,9,True
378,inventory:378,4,567,4,7,0.5,4,True
379,inventory:379,4,893,8,5,0.5,8,True
380,inventory:380,4,924,6,6,0.5,6,True
381,inventory:381,4,905,2,4,0.5,3,True
382,inventory:382,4,564,7,6,0.5,5,True
383,inventory:383,4,885,11,6,0.5,4,True
384,inventory:384,4,1363,14,6,0.5,6,True
385,inventory:385,4,1353,4,7,0.5,5,True
386,inventory:386,4,1357,17,7,0.5,8,True
387,inventory:387,4,906,10,6,0.5,8,True
388,inventory:388,4,886,9,5,0.5,8,True
389,inventory:389,4,926,10,7,0.5,8,True
390,inventory:390,4,116,6,4,0.5,7,True
391,inventory:391,4,235,5,5,0.5,3,True
392,inventory:392,4,273,6,7,0.5,9,True
393,inventory:393,4,282,8,4,0.5,4,True
394,inventory:394,4,359,3,6,0.5,6,True
395,inventory:395,4,565,6,6,0.5,3,True
396,inventory:396,4,572,8,6,0.5,3,True
397,inventory:397,4,804,9,5,0.5,9,True
398,inventory:398,4,822,9,4,0.5,9,True
399,inventory:399,4,835,10,7,0.5,9,True
400,inventory:400,4,276,10,5,0.5,6,True
401,inventory:401,4,823,7,5,0.5,8,True
402,inventory:402,4,203,12,6,0.5,8,True
403,inventory:403,4,364,10,6,0.5,7,True
404,inventory:404,4,1350,6,5,0.5,7,True
405,inventory:405,4,897,9,7,0.5,3,True
406,inventory:406,4,37,5,6,0.5,8,True
407,inventory:407,4,172,5,6,0.5,4,True
408,inventory:408,4,810,8,4,0.5,8,True
409,inventory:409,4,821,6,5,0.5,5,True
410,inventory:410,4,93,7,7,0.5,6,True
411,inventory:411,4,1347,12,7,0.5,8,True
412,inventory:412,4,305,11,6,0.5,3,True
413,inventory:413,4,1004,40,26,2.58,6,True
414,inventory:414,4,1346,3,5,0.5,5,True
415,inventory:415,4,58,5,4,0.5,5,True
416,inventory:416,4,311,14,6,0.5,4,True
417,inventory:417,4,303,8,6,0.5,3,True
418,inventory:418,4,1354,3,4,0.5,9,True
419,inventory:419,4,1348,5,5,0.5,3,True
420,inventory:420,4,78,7,5,0.5,6,True
421,inventory:421,4,258,3,5,0.5,3,True
422,inventory:422,4,797,6,6,0.5,6,True
423,inventory:423,4,981,2,5,0.5,6,True
424,inventory:424,4,1355,5,7,0.5,7,True
425,inventory:425,4,135,12,5,0.5,3,True
426,inventory:426,4,134,10,6,0.5,6,True
427,inventory:427,4,845,9,4,0.5,9,True
428,inventory:428,4,982,8,5,0.5,6,True
429,inventory:429,4,625,11,5,0.5,5,True
430,inventory:430,4,1359,12,5,0.5,6,True
431,inventory:431,4,1356,14,6,0.5,5,True
432,inventory:432,4,607,9,4,0.5,5,True
433,inventory:433,4,1358,4,6,0.5,6,True
434,inventory:434,4,1362,11,6,0.5,3,True
435,inventory:435,4,295,4,5,0.5,6,True
436,inventory:436,4,127,3,7,0.5,4,True
437,inventory:437,4,61,3,7,0.5,7,True
438,inventory:438,4,35,9,5,0.5,7,True
439,inventory:439,4,858,11,6,0.5,3,True
440,inventory:440,4,860,7,6,0.5,5,True
441,inventory:441,4,216,5,6,0.5,7,True
442,inventory:442,4,19,13,6,0.5,9,True
443,inventory:443,4,226,6,6,0.5,7,True
444,inventory:444,4,208,3,4,0.5,7,True
445,inventory:445,4,793,6,7,0.5,3,True
446,inventory:446,4,792,5,7,0.5,7,True
447,inventory:447,4,786,5,5,0.5,4,True
448,inventory:448,4,778,16,7,0.5,7,True
449,inventory:449,4,777,10,5,0.5,9,True
450,inventory:450,4,775,11,5,0.5,8,True
451,inventory:451,4,773,4,5,0.5,6,True
452,inventory:452,4,771,3,4,0.5,7,True
453,inventory:453,4,768,17,7,0.5,9,True
454,inventory:454,4,743,6,4,0.5,3,True
455,inventory:455,4,730,6,6,0.5,4,True
456,inventory:456,4,728,8,5,0.5,9,True
457,inventory:457,4,725,10,6,0.5,4,True
458,inventory:458,4,724,9,4,0.5,9,True
459,inventory:459,4,715,12,7,0.5,6,True
460,inventory:460,4,705,11,6,0.5,7,True
461,inventory:461,4,703,6,6,0.5,9,True
462,inventory:462,4,691,6,4,0.5,4,True
463,inventory:463,4,677,3,5,0.5,3,True
464,inventory:464,4,671,4,6,0.5,4,True
465,inventory:465,4,666,15,7,0.5,7,True
466,inventory:466,4,652,7,5,0.5,9,True
467,inventory:467,4,647,10,6,0.5,6,True
468,inventory:468,4,646,12,5,0.5,8,True
469,inventory:469,4,1361,11,7,0.5,3,True
470,inventory:470,4,1073,41,21,2.35,3,True
471,inventory:471,4,1059,11,7,0.5,3,True
472,inventory:472,4,1014,46,70,8.91,8,True
473,inventory:473,5,1360,11,5,0.5,8,True
474,inventory:474,5,365,13,7,0.5,6,True
475,inventory:475,5,627,14,6,0.5,4,True
476,inventory:476,5,502,4,4,0.5,6,True
477,inventory:477,5,278,9,5,0.5,4,True
478,inventory:478,5,249,9,6,0.5,4,True
479,inventory:479,5,191,4,4,0.5,5,True
480,inventory:480,5,917,11,7,0.5,7,True
481,inventory:481,5,828,4,7,0.5,5,True
482,inventory:482,5,642,4,5,0.5,4,True
483,inventory:483,5,818,10,6,0.5,9,True
484,inventory:484,5,825,3,4,0.5,7,True
485,inventory:485,5,306,11,5,0.5,7,True
486,inventory:486,5,977,9,7,0.5,5,True
487,inventory:487,5,44,9,7,0.5,8,True
488,inventory:488,5,251,14,6,0.5,8,True
489,inventory:489,5,403,4,7,0.5,4,True
490,inventory:490,5,957,12,6,0.5,7,True
491,inventory:491,5,1352,10,6,0.5,7,True
492,inventory:492,5,1349,4,5,0.5,6,True
493,inventory:493,5,1351,8,6,0.5,4,True
494,inventory:494,5,60,11,5,0.5,5,True
495,inventory:495,5,24,7,6,0.5,5,True
496,inventory:496,5,567,9,5,0.5,3,True
497,inventory:497,5,893,9,4,0.5,6,True
498,inventory:498,5,924,13,7,0.5,3,True
499,inventory:499,5,905,8,7,0.5,9,True
500,inventory:500,5,564,10,6,0.5,8,True
501,inventory:501,5,885,3,5,0.5,4,True
502,inventory:502,5,1363,12,6,0.5,8,True
503,inventory:503,5,1353,4,5,0.5,8,True
504,inventory:504,5,1357,9,6,0.5,8,True
505,inventory:505,5,906,16,7,0.5,9,True
506,inventory:506,5,886,17,7,0.5,3,True
507,inventory:507,5,926,2,4,0.5,6,True
508,inventory:508,5,116,5,5,0.5,4,True
509,inventory:509,5,235,6,7,0.5,4,True
510,inventory:510,5,273,14,7,0.5,5,True
511,inventory:511,5,282,6,6,0.5,7,True
512,inventory:512,5,359,5,6,0.5,3,True
513,inventory:513,5,565,5,5,0.5,9,True
514,inventory:514,5,572,10,6,0.5,3,True
515,inventory:515,5,804,4,6,0.5,6,True
516,inventory:516,5,822,6,6,0.5,9,True
517,inventory:517,5,835,5,5,0.5,4,True
518,inventory:518,5,276,7,5,0.5,3,True
519,inventory:519,5,823,7,5,0.5,4,True
520,inventory:520,5,203,7,4,0.5,8,True
521,inventory:521,5,364,11,5,0.5,9,True
522,inventory:522,5,1350,2,4,0.5,4,True
523,inventory:523,5,897,15,7,0.5,8,True
524,inventory:524,5,37,8,4,0.5,3,True
525,inventory:525,5,172,4,5,0.5,5,True
526,inventory:526,5,810,4,7,0.5,4,True
527,inventory:527,5,821,11,6,0.5,8,True
528,inventory:528,5,93,13,6,0.5,5,True
529,inventory:529,5,1347,6,4,0.5,4,True
530,inventory:530,5,305,3,5,0.5,5,True
531,inventory:531,5,1004,3,5,0.5,4,True
532,inventory:532,5,1346,9,4,0.5,6,True
533,inventory:533,5,58,17,7,0.5,5,True
534,inventory:534,5,311,7,4,0.5,3,True
535,inventory:535,5,303,4,6,0.5,7,True
536,inventory:536,5,1354,3,5,0.5,8,True
537,inventory:537,5,1348,12,7,0.5,7,True
538,inventory:538,5,78,14,6,0.5,6,True
539,inventory:539,5,258,8,4,0.5,7,True
540,inventory:540,5,797,2,5,0.5,3,True
541,inventory:541,5,981,7,7,0.5,6,True
542,inventory:542,5,1355,5,6,0.5,3,True
543,inventory:543,5,135,7,4,0.5,3,True
544,inventory:544,5,134,5,7,0.5,7,True
545,inventory:545,5,845,2,5,0.5,5,True
546,inventory:546,5,982,11,6,0.5,4,True
547,inventory:547,5,625,8,5,0.5,7,True
548,inventory:548,5,1359,3,4,0.5,6,True
549,inventory:549,5,1356,16,7,0.5,9,True
550,inventory:550,5,607,12,7,0.5,6,True
551,inventory:551,5,1358,2,5,0.5,9,True
552,inventory:552,5,1362,2,4,0.5,9,True
553,inventory:553,5,295,9,5,0.5,3,True
554,inventory:554,5,127,11,7,0.5,7,True
555,inventory:555,5,61,8,7,0.5,4,True
556,inventory:556,5,35,4,4,0.5,3,True
557,inventory:557,5,858,10,5,0.5,5,True
558,inventory:558,5,860,13,7,0.5,4,True
559,inventory:559,5,216,12,7,0.5,3,True
560,inventory:560,5,19,8,5,0.5,5,True
561,inventory:561,5,226,4,6,0.5,6,True
562,inventory:562,5,208,4,6,0.5,6,True
563,inventory:563,5,793,9,4,0.5,4,True
564,inventory:564,5,792,6,5,0.5,8,True
565,inventory:565,5,786,11,7,0.5,5,True
566,inventory:566,5,778,7,7,0.5,3,True
567,inventory:567,5,777,7,6,0.5,3,True
568,inventory:568,5,775,15,7,0.5,5,True
569,inventory:569,5,773,11,7,0.5,6,True
570,inventory:570,5,771,7,5,0.5,7,True
571,inventory:571,5,768,4,7,0.5,3,True
572,inventory:572,5,743,8,5,0.5,4,True
573,inventory:573,5,730,7,4,0.5,3,True
574,inventory:574,5,728,5,4,0.5,8,True
575,inventory:575,5,725,4,5,0.5,5,True
576,inventory:576,5,724,16,7,0.5,5,True
577,inventory:577,5,715,11,7,0.5,3,True
578,inventory:578,5,705,11,6,0.5,6,True
579,inventory:579,5,703,10,7,0.5,7,True
580,inventory:580,5,691,6,6,0.5,9,True
581,inventory:581,5,677,3,6,0.5,3,True
582,inventory:582,5,671,3,5,0.5,4,True
583,inventory:583,5,666,10,6,0.5,4,True
584,inventory:584,5,652,3,5,0.5,3,True
585,inventory:585,5,647,9,5,0.5,6,True
586,inventory:586,5,646,8,6,0.5,4,True
587,inventory:587,5,1361,14,7,0.5,6,True
588,inventory:588,5,1073,8,6,0.5,3,True
589,inventory:589,5,1059,7,7,0.5,3,True
590,inventory:590,5,1014,12,5,0.5,3,True
591,inventory:591,6,1360,2,4,0.5,8,True
592,inventory:592,6,365,10,6,0.76,5,True
593,inventory:593,6,627,16,7,0.5,3,True
594,inventory:594,6,502,10,6,0.54,6,True
595,inventory:595,6,278,7,4,0.5,5,True
596,inventory:596,6,249,2,4,0.5,8,True
597,inventory:597,6,191,5,4,0.5,5,True
598,inventory:598,6,917,12,6,0.5,6,True
599,inventory:599,6,828,9,7,0.5,7,True
600,inventory:600,6,642,10,7,0.5,7,True
601,inventory:601,6,818,7,7,0.5,4,True
602,inventory:602,6,825,3,4,0.5,6,True
603,inventory:603,6,306,7,5,0.5,5,True
604,inventory:604,6,977,7,7,0.5,9,True
605,inventory:605,6,44,10,5,0.5,6,True
606,inventory:606,6,251,3,5,0.5,7,True
607,inventory:607,6,403,12,6,0.5,6,True
608,inventory:608,6,957,12,6,0.5,5,True
609,inventory:609,6,1352,2,4,0.5,5,True
610,inventory:610,6,1349,4,4,0.5,4,True
611,inventory:611,6,1351,8,5,0.5,6,True
612,inventory:612,6,60,11,6,0.5,4,True
613,inventory:613,6,24,5,5,0.5,7,True
614,inventory:614,6,567,10,6,0.5,3,True
615,inventory:615,6,893,9,5,0.5,5,True
616,inventory:616,6,924,4,6,0.5,5,True
617,inventory:617,6,905,4,7,0.5,6,True
618,inventory:618,6,564,5,7,0.5,5,True
619,inventory:619,6,885,2,5,0.5,6,True
620,inventory:620,6,1363,9,7,0.5,5,True
621,inventory:621,6,1353,11,5,0.5,9,True
622,inventory:622,6,1357,11,7,0.5,6,True
623,inventory:623,6,906,9,6,0.5,4,True
624,inventory:624,6,886,9,7,0.5,3,True
625,inventory:625,6,926,7,4,0.5,4,True
626,inventory:626,6,116,3,7,0.5,4,True
627,inventory:627,6,235,4,7,0.5,8,True
628,inventory:628,6,273,7,4,0.5,6,True
629,inventory:629,6,282,8,4,0.5,7,True
630,inventory:630,6,359,13,6,0.5,3,True
631,inventory:631,6,565,10,7,0.5,9,True
632,inventory:632,6,572,7,5,0.5,8,True
633,inventory:633,6,804,4,6,0.5,3,True
634,inventory:634,6,822,3,6,0.5,6,True
635,inventory:635,6,835,8,5,0.5,5,True
636,inventory:636,6,276,4,7,0.5,3,True
637,inventory:637,6,823,8,7,0.5,8,True
638,inventory:638,6,203,7,6,0.5,5,True
639,inventory:639,6,364,4,6,0.5,4,True
640,inventory:640,6,1350,16,7,0.5,5,True
641,inventory:641,6,897,9,6,0.5,8,True
642,inventory:642,6,37,6,7,0.5,8,True
643,inventory:643,6,172,6,6,0.5,3,True
644,inventory:644,6,810,2,5,0.5,7,True
645,inventory:645,6,821,4,5,0.5,7,True
646,inventory:646,6,93,4,4,0.5,3,True
647,inventory:647,6,1347,9,5,0.5,9,True
648,inventory:648,6,305,8,7,0.5,9,True
649,inventory:649,6,1004,9,6,0.5,8,True
650,inventory:650,6,1346,2,4,0.5,4,True
651,inventory:651,6,58,16,7,0.5,9,True
652,inventory:652,6,311,3,7,0.5,3,True
653,inventory:653,6,303,12,6,0.5,8,True
654,inventory:654,6,1354,4,4,0.5,8,True
655,inventory:655,6,1348,12,7,0.5,8,True
656,inventory:656,6,78,5,5,0.5,8,True
657,inventory:657,6,258,8,6,0.5,9,True
658,inventory:658,6,797,7,6,0.5,5,True
659,inventory:659,6,981,12,6,0.5,6,True
660,inventory:660,6,1355,16,7,0.5,5,True
661,inventory:661,6,135,11,6,0.5,6,True
662,inventory:662,6,134,11,7,0.5,6,True
663,inventory:663,6,845,12,7,0.5,7,True
664,inventory:664,6,982,6,7,0.5,7,True
665,inventory:665,6,625,3,6,0.5,6,True
666,inventory:666,6,1359,12,7,0.5,5,True
667,inventory:667,6,1356,13,7,0.5,3,True
668,inventory:668,6,607,8,7,0.5,5,True
669,inventory:669,6,1358,8,5,0.5,8,True
670,inventory:670,6,1362,7,4,0.5,9,True
671,inventory:671,6,295,8,6,0.5,8,True
672,inventory:672,6,127,13,7,0.5,6,True
673,inventory:673,6,61,13,7,0.5,4,True
674,inventory:674,6,35,17,7,0.5,6,True
675,inventory:675,6,858,12,7,0.5,9,True
676,inventory:676,6,860,7,5,0.5,8,True
677,inventory:677,6,216,13,6,0.5,8,True
678,inventory:678,6,19,5,4,0.5,8,True
679,inventory:679,6,226,4,6,0.5,6,True
680,inventory:680,6,208,10,5,0.5,9,True
681,inventory:681,6,793,2,4,0.5,6,True
682,inventory:682,6,792,4,6,0.5,7,True
683,inventory:683,6,786,6,7,0.5,7,True
684,inventory:684,6,778,4,6,0.5,4,True
685,inventory:685,6,777,11,7,0.5,5,True
686,inventory:686,6,775,6,7,0.5,3,True
687,inventory:687,6,773,8,6,0.5,5,True
688,inventory:688,6,771,5,7,0.5,4,True
689,inventory:689,6,768,11,7,0.5,8,True
690,inventory:690,6,743,7,5,0.5,4,True
691,inventory:691,6,730,10,7,0.5,5,True
692,inventory:692,6,728,12,7,0.5,5,True
693,inventory:693,6,725,9,6,0.5,6,True
694,inventory:694,6,724,6,7,0.5,5,True
695,inventory:695,6,715,15,7,0.5,9,True
696,inventory:696,6,705,13,6,0.5,4,True
697,inventory:697,6,703,5,7,0.5,5,True
698,inventory:698,6,691,6,5,0.5,4,True
699,inventory:699,6,677,10,5,0.5,5,True
700,inventory:700,6,671,9,5,0.5,4,True
701,inventory:701,6,666,14,7,0.5,3,True
702,inventory:702,6,652,9,5,0.5,5,True
703,inventory:703,6,647,8,7,0.5,9,True
704,inventory:704,6,646,12,6,0.5,5,True
705,inventory:705,6,1361,8,7,0.5,5,True
706,inventory:706,6,1073,4,7,0.5,4,True
707,inventory:707,6,1059,15,7,0.5,3,True
708,inventory:708,6,1014,19,8,0.59,4,True
709,inventory:709,7,1360,3,5,0.5,6,True
710,inventory:710,7,365,26,28,2.59,6,True
711,inventory:711,7,627,7,9,1.25,9,True
712,inventory:712,7,502,18,21,2.33,4,True
713,inventory:713,7,278,6,6,0.5,4,True
714,inventory:714,7,249,13,6,0.5,9,True
715,inventory:715,7,191,20,17,1.35,7,True
716,inventory:716,7,917,5,5,0.5,4,True
717,inventory:717,7,828,6,6,0.5,9,True
718,inventory:718,7,642,13,6,0.5,5,True
719,inventory:719,7,818,13,6,0.5,7,True
720,inventory:720,7,825,10,6,0.5,4,True
721,inventory:721,7,306,9,4,0.5,4,True
722,inventory:722,7,977,7,6,0.5,6,True
723,inventory:723,7,44,8,4,0.5,7,True
724,inventory:724,7,251,10,5,0.5,6,True
725,inventory:725,7,403,4,8,0.82,6,True
726,inventory:726,7,957,5,7,0.52,6,True
727,inventory:727,7,1352,8,7,0.5,3,True
728,inventory:728,7,1349,4,5,0.5,6,True
729,inventory:729,7,1351,4,5,0.5,9,True
730,inventory:730,7,60,4,5,0.5,8,True
731,inventory:731,7,24,3,4,0.5,5,True
732,inventory:732,7,567,11,5,0.5,6,True
733,inventory:733,7,893,11,5,0.5,3,True
734,inventory:734,7,924,13,7,0.5,5,True
735,inventory:735,7,905,4,5,0.5,4,True
736,inventory:736,7,564,5,4,0.5,3,True
737,inventory:737,7,885,8,5,0.5,7,True
738,inventory:738,7,1363,5,5,0.5,9,True
739,inventory:739,7,1353,8,7,0.5,8,True
740,inventory:740,7,1357,6,6,0.5,9,True
741,inventory:741,7,906,5,7,0.5,3,True
742,inventory:742,7,886,7,5,0.5,3,True
743,inventory:743,7,926,4,4,0.5,4,True
744,inventory:744,7,116,12,7,0.5,5,True
745,inventory:745,7,235,6,4,0.5,5,True
746,inventory:746,7,273,6,4,0.5,4,True
747,inventory:747,7,282,5,5,0.5,8,True
748,inventory:748,7,359,2,4,0.5,3,True
749,inventory:749,7,565,6,7,0.5,6,True
750,inventory:750,7,572,11,6,0.5,6,True
751,inventory:751,7,804,5,5,0.5,3,True
752,inventory:752,7,822,8,6,0.5,9,True
753,inventory:753,7,835,14,7,0.5,8,True
754,inventory:754,7,276,14,7,0.5,9,True
755,inventory:755,7,823,13,7,0.5,8,True
756,inventory:756,7,203,16,7,0.5,7,True
757,inventory:757,7,364,9,6,0.5,6,True
758,inventory:758,7,1350,9,7,0.5,8,True
759,inventory:759,7,897,16,7,0.5,8,True
760,inventory:760,7,37,9,5,0.5,3,True
761,inventory:761,7,172,16,7,0.5,8,True
762,inventory:762,7,810,9,6,0.5,9,True
763,inventory:763,7,821,7,7,0.5,4,True
764,inventory:764,7,93,14,7,0.5,8,True
765,inventory:765,7,1347,4,5,0.5,6,True
766,inventory:766,7,305,10,7,0.5,3,True
767,inventory:767,7,1004,8,8,0.64,3,True
768,inventory:768,7,1346,7,7,0.5,7,True
769,inventory:769,7,58,6,4,0.5,4,True
770,inventory:770,7,311,12,6,0.5,7,True
771,inventory:771,7,303,5,5,0.5,6,True
772,inventory:772,7,1354,11,5,0.5,4,True
773,inventory:773,7,1348,8,7,0.5,4,True
774,inventory:774,7,78,3,4,0.5,8,True
775,inventory:775,7,258,10,7,0.5,3,True
776,inventory:776,7,797,9,5,0.5,5,True
777,inventory:777,7,981,16,7,0.5,7,True
778,inventory:778,7,1355,12,6,0.5,6,True
779,inventory:779,7,135,11,6,0.5,8,True
780,inventory:780,7,134,8,4,0.5,3,True
781,inventory:781,7,845,8,4,0.5,9,True
782,inventory:782,7,982,6,7,0.5,5,True
783,inventory:783,7,625,16,7,0.5,6,True
784,inventory:784,7,1359,4,4,0.5,7,True
785,inventory:785,7,1356,5,5,0.5,7,True
786,inventory:786,7,607,3,4,0.5,3,True
787,inventory:787,7,1358,10,6,0.5,6,True
788,inventory:788,7,1362,9,7,0.5,3,True
789,inventory:789,7,295,3,4,0.5,4,True
790,inventory:790,7,127,4,5,0.5,4,True
791,inventory:791,7,61,9,5,0.5,3,True
792,inventory:792,7,35,14,6,0.5,4,True
793,inventory:793,7,858,4,6,0.5,8,True
794,inventory:794,7,860,3,6,0.5,8,True
795,inventory:795,7,216,6,5,0.5,6,True
796,inventory:796,7,19,9,5,0.5,8,True
797,inventory:797,7,226,12,7,0.5,8,True
798,inventory:798,7,208,3,6,0.5,6,True
799,inventory:799,7,793,6,6,0.5,8,True
800,inventory:800,7,792,11,5,0.5,7,True
801,inventory:801,7,786,10,6,0.5,7,True
802,inventory:802,7,778,7,5,0.5,4,True
803,inventory:803,7,777,11,6,0.5,5,True
804,inventory:804,7,775,8,4,0.5,6,True
805,inventory:805,7,773,10,6,0.5,4,True
806,inventory:806,7,771,10,6,0.5,3,True
807,inventory:807,7,768,11,6,0.5,9,True
808,inventory:808,7,743,5,6,0.5,3,True
809,inventory:809,7,730,5,5,0.5,4,True
810,inventory:810,7,728,6,5,0.5,6,True
811,inventory:811,7,725,10,5,0.5,7,True
812,inventory:812,7,724,11,6,0.5,6,True
813,inventory:813,7,715,3,6,0.5,3,True
814,inventory:814,7,705,7,6,0.5,4,True
815,inventory:815,7,703,8,5,0.5,9,True
816,inventory:816,7,691,8,5,0.5,7,True
817,inventory:817,7,677,4,5,0.5,6,True
818,inventory:818,7,671,2,4,0.5,7,True
819,inventory:819,7,666,2,5,0.5,9,True
820,inventory:820,7,652,3,7,0.5,8,True
821,inventory:821,7,647,16,7,0.5,5,True
822,inventory:822,7,646,8,6,0.5,4,True
823,inventory:823,7,1361,9,4,0.5,9,True
824,inventory:824,7,1073,18,8,0.59,5,True
825,inventory:825,7,1059,7,4,0.5,4,True
826,inventory:826,7,1014,34,22,2.04,8,True
827,inventory:827,8,1360,6,6,0.5,9,True
828,inventory:828,8,365,16,22,2.21,6,True
829,inventory:829,8,627,19,9,1.01,4,True
830,inventory:830,8,502,35,23,1.85,3,True
831,inventory:831,8,278,12,6,0.5,5,True
832,inventory:832,8,249,11,7,0.5,7,True
833,inventory:833,8,191,18,13,1.15,8,True
834,inventory:834,8,917,8,7,0.5,6,True
835,inventory:835,8,828,7,5,0.5,5,True
836,inventory:836,8,642,10,6,0.5,8,True
837,inventory:837,8,818,11,5,0.5,6,True
838,inventory:838,8,825,11,5,0.5,3,True
839,inventory:839,8,306,9,6,0.5,4,True
840,inventory:840,8,977,5,7,0.5,3,True
841,inventory:841,8,44,10,6,0.5,9,True
842,inventory:842,8,251,3,6,0.5,7,True
843,inventory:843,8,403,8,7,0.73,6,True
844,inventory:844,8,957,8,6,0.5,8,True
845,inventory:845,8,1352,3,4,0.5,3,True
846,inventory:846,8,1349,8,5,0.5,8,True
847,inventory:847,8,1351,6,7,0.5,4,True
848,inventory:848,8,60,9,4,0.5,8,True
849,inventory:849,8,24,12,5,0.5,5,True
850,inventory:850,8,567,13,7,0.5,3,True
851,inventory:851,8,893,14,6,0.5,3,True
852,inventory:852,8,924,4,7,0.5,3,True
853,inventory:853,8,905,3,5,0.5,5,True
854,inventory:854,8,564,6,6,0.5,9,True
855,inventory:855,8,885,5,4,0.5,5,True
856,inventory:856,8,1363,6,5,0.5,3,True
857,inventory:857,8,1353,5,7,0.5,4,True
858,inventory:858,8,1357,5,6,0.5,7,True
859,inventory:859,8,906,3,5,0.5,3,True
860,inventory:860,8,886,5,4,0.5,9,True
861,inventory:861,8,926,5,4,0.5,7,True
862,inventory:862,8,116,5,6,0.5,3,True
863,inventory:863,8,235,3,4,0.5,5,True
864,inventory:864,8,273,14,6,0.5,6,True
865,inventory:865,8,282,9,7,0.5,9,True
866,inventory:866,8,359,4,4,0.5,3,True
867,inventory:867,8,565,2,4,0.5,4,True
868,inventory:868,8,572,7,6,0.5,3,True
869,inventory:869,8,804,8,7,0.5,4,True
870,inventory:870,8,822,6,7,0.5,5,True
871,inventory:871,8,835,7,5,0.5,6,True
872,inventory:872,8,276,4,5,0.5,4,True
873,inventory:873,8,823,4,5,0.5,7,True
874,inventory:874,8,203,4,7,0.5,5,True
875,inventory:875,8,364,6,6,0.5,6,True
876,inventory:876,8,1350,4,6,0.5,5,True
877,inventory:877,8,897,4,5,0.5,8,True
878,inventory:878,8,37,11,5,0.5,8,True
879,inventory:879,8,172,12,7,0.5,8,True
880,inventory:880,8,810,8,6,0.5,7,True
881,inventory:881,8,821,7,6,0.5,9,True
882,inventory:882,8,93,9,6,0.5,8,True
883,inventory:883,8,1347,5,5,0.5,3,True
884,inventory:884,8,305,8,7,0.5,3,True
885,inventory:885,8,1004,12,6,0.57,8,True
886,inventory:886,8,1346,9,4,0.5,8,True
887,inventory:887,8,58,4,5,0.5,6,True
888,inventory:888,8,311,6,5,0.5,3,True
889,inventory:889,8,303,12,7,0.5,8,True
890,inventory:890,8,1354,8,6,0.5,7,True
891,inventory:891,8,1348,7,7,0.5,8,True
892,inventory:892,8,78,9,7,0.5,5,True
893,inventory:893,8,258,13,7,0.5,8,True
894,inventory:894,8,797,8,5,0.5,4,True
895,inventory:895,8,981,7,7,0.5,3,True
896,inventory:896,8,1355,13,6,0.5,9,True
897,inventory:897,8,135,8,5,0.5,4,True
898,inventory:898,8,134,4,5,0.5,3,True
899,inventory:899,8,845,8,5,0.5,3,True
900,inventory:900,8,982,4,6,0.5,9,True
901,inventory:901,8,625,5,5,0.5,6,True
902,inventory:902,8,1359,7,7,0.5,6,True
903,inventory:903,8,1356,11,7,0.5,6,True
904,inventory:904,8,607,3,6,0.5,7,True
905,inventory:905,8,1358,8,4,0.5,4,True
906,inventory:906,8,1362,6,7,0.5,4,True
907,inventory:907,8,295,8,5,0.5,4,True
908,inventory:908,8,127,11,6,0.5,6,True
909,inventory:909,8,61,9,5,0.5,9,True
910,inventory:910,8,35,6,6,0.5,5,True
911,inventory:911,8,858,7,4,0.5,9,True
912,inventory:912,8,860,16,7,0.5,6,True
913,inventory:913,8,216,10,5,0.5,6,True
914,inventory:914,8,19,10,7,0.5,5,True
915,inventory:915,8,226,8,5,0.5,8,True
916,inventory:916,8,208,7,7,0.5,6,True
917,inventory:917,8,793,14,7,0.5,6,True
918,inventory:918,8,792,8,7,0.5,5,True
919,inventory:919,8,786,7,5,0.5,9,True
920,inventory:920,8,778,12,6,0.5,6,True
921,inventory:921,8,777,12,7,0.5,9,True
922,inventory:922,8,775,7,5,0.5,4,True
923,inventory:923,8,773,6,4,0.5,6,True
924,inventory:924,8,771,13,7,0.5,4,True
925,inventory:925,8,768,7,5,0.5,8,True
926,inventory:926,8,743,5,4,0.5,6,True
927,inventory:927,8,730,2,5,0.5,6,True
928,inventory:928,8,728,8,6,0.5,3,True
929,inventory:929,8,725,7,5,0.5,5,True
930,inventory:930,8,724,8,6,0.5,8,True
931,inventory:931,8,715,9,4,0.5,7,True
932,inventory:932,8,705,5,4,0.5,4,True
933,inventory:933,8,703,6,6,0.5,4,True
934,inventory:934,8,691,9,7,0.5,4,True
935,inventory:935,8,677,2,5,0.5,7,True
936,inventory:936,8,671,7,5,0.5,7,True
937,inventory:937,8,666,13,7,0.5,6,True
938,inventory:938,8,652,7,7,0.5,7,True
939,inventory:939,8,647,10,6,0.5,8,True
940,inventory:940,8,646,12,7,0.5,7,True
941,inventory:941,8,1361,5,7,0.5,9,True
942,inventory:942,8,1073,8,6,0.5,6,True
943,inventory:943,8,1059,4,7,0.5,9,True
944,inventory:944,8,1014,10,16,1.94,9,True
945,inventory:945,9,1360,7,4,0.5,6,True
946,inventory:946,9,365,39,18,1.59,9,True
947,inventory:947,9,627,5,7,0.64,4,True
948,inventory:948,9,502,15,18,1.33,9,True
949,inventory:949,9,278,10,5,0.5,3,True
950,inventory:950,9,249,6,4,0.5,3,True
951,inventory:951,9,191,8,10,0.77,8,True
952,inventory:952,9,917,5,4,0.5,8,True
953,inventory:953,9,828,7,6,0.5,4,True
954,inventory:954,9,642,4,6,0.5,6,True
955,inventory:955,9,818,9,5,0.5,6,True
956,inventory:956,9,825,9,4,0.5,4,True
957,inventory:957,9,306,2,5,0.5,7,True
958,inventory:958,9,977,4,5,0.5,8,True
959,inventory:959,9,44,11,7,0.5,4,True
960,inventory:960,9,251,8,5,0.5,5,True
961,inventory:961,9,403,3,7,0.5,4,True
962,inventory:962,9,957,14,7,0.5,7,True
963,inventory:963,9,1352,6,5,0.5,3,True
964,inventory:964,9,1349,11,7,0.5,7,True
965,inventory:965,9,1351,15,7,0.5,7,True
966,inventory:966,9,60,9,6,0.5,6,True
967,inventory:967,9,24,11,5,0.5,8,True
968,inventory:968,9,567,3,4,0.5,7,True
969,inventory:969,9,893,3,5,0.5,8,True
970,inventory:970,9,924,7,5,0.5,3,True
971,inventory:971,9,905,2,4,0.5,8,True
972,inventory:972,9,564,14,6,0.5,9,True
973,inventory:973,9,885,15,7,0.5,4,True
974,inventory:974,9,1363,10,5,0.5,9,True
975,inventory:975,9,1353,8,6,0.5,7,True
976,inventory:976,9,1357,14,7,0.5,3,True
977,inventory:977,9,906,10,7,0.5,8,True
978,inventory:978,9,886,15,7,0.5,3,True
979,inventory:979,9,926,5,4,0.5,4,True
980,inventory:980,9,116,7,7,0.5,7,True
981,inventory:981,9,235,4,4,0.5,7,True
982,inventory:982,9,273,4,6,0.5,3,True
983,inventory:983,9,282,11,5,0.5,9,True
984,inventory:984,9,359,12,5,0.5,9,True
985,inventory:985,9,565,2,4,0.5,7,True
986,inventory:986,9,572,6,4,0.5,6,True
987,inventory:987,9,804,6,5,0.5,8,True
988,inventory:988,9,822,9,6,0.5,5,True
989,inventory:989,9,835,11,6,0.5,7,True
990,inventory:990,9,276,8,7,0.5,8,True
991,inventory:991,9,823,6,4,0.5,3,True
992,inventory:992,9,203,11,5,0.5,3,True
993,inventory:993,9,364,12,6,0.5,7,True
994,inventory:994,9,1350,10,5,0.5,4,True
995,inventory:995,9,897,14,6,0.5,3,True
996,inventory:996,9,37,15,7,0.5,8,True
997,inventory:997,9,172,11,7,0.5,5,True
998,inventory:998,9,810,3,6,0.5,8,True
999,inventory:999,9,821,3,6,0.5,4,True
1000,inventory:1000,9,93,15,7,0.5,4,True
1001,inventory:1001,9,1347,9,4,0.5,9,True
1002,inventory:1002,9,305,5,4,0.5,3,True
1003,inventory:1003,9,1004,2,4,0.5,8,True
1004,inventory:1004,9,1346,6,4,0.5,7,True
1005,inventory:1005,9,58,2,4,0.5,8,True
1006,inventory:1006,9,311,5,6,0.5,6,True
1007,inventory:1007,9,303,14,7,0.5,8,True
1008,inventory:1008,9,1354,10,7,0.5,6,True
1009,inventory:1009,9,1348,3,5,0.5,8,True
1010,inventory:1010,9,78,3,6,0.5,6,True
1011,inventory:1011,9,258,14,6,0.5,9,True
1012,inventory:1012,9,797,7,5,0.5,7,True
1013,inventory:1013,9,981,7,5,0.5,8,True
1014,inventory:1014,9,1355,14,6,0.5,9,True
1015,inventory:1015,9,135,5,4,0.5,8,True
1016,inventory:1016,9,134,4,6,0.5,8,True
1017,inventory:1017,9,845,3,5,0.5,6,True
1018,inventory:1018,9,982,4,6,0.5,9,True
1019,inventory:1019,9,625,9,5,0.5,7,True
1020,inventory:1020,9,1359,11,5,0.5,4,True
1021,inventory:1021,9,1356,6,6,0.5,3,True
1022,inventory:1022,9,607,7,5,0.5,3,True
1023,inventory:1023,9,1358,7,7,0.5,8,True
1024,inventory:1024,9,1362,9,5,0.5,4,True
1025,inventory:1025,9,295,10,5,0.5,7,True
1026,inventory:1026,9,127,10,6,0.5,3,True
1027,inventory:1027,9,61,5,6,0.5,5,True
1028,inventory:1028,9,35,5,7,0.5,8,True
1029,inventory:1029,9,858,13,7,0.5,8,True
1030,inventory:1030,9,860,4,4,0.5,8,True
1031,inventory:1031,9,216,14,6,0.5,6,True
1032,inventory:1032,9,19,11,5,0.5,8,True
1033,inventory:1033,9,226,3,5,0.5,4,True
1034,inventory:1034,9,208,5,7,0.5,7,True
1035,inventory:1035,9,793,10,7,0.5,4,True
1036,inventory:1036,9,792,2,4,0.5,7,True
1037,inventory:1037,9,786,4,5,0.5,6,True
1038,inventory:1038,9,778,5,6,0.5,5,True
1039,inventory:1039,9,777,4,5,0.5,7,True
1040,inventory:1040,9,775,3,4,0.5,5,True
1041,inventory:1041,9,773,11,5,0.5,3,True
1042,inventory:1042,9,771,8,7,0.5,8,True
1043,inventory:1043,9,768,12,6,0.5,7,True
1044,inventory:1044,9,743,5,5,0.5,5,True
1045,inventory:1045,9,730,4,4,0.5,5,True
1046,inventory:1046,9,728,16,7,0.5,6,True
1047,inventory:1047,9,725,7,6,0.5,3,True
1048,inventory:1048,9,724,9,6,0.5,8,True
1049,inventory:1049,9,715,17,7,0.5,3,True
1050,inventory:1050,9,705,10,6,0.5,5,True
1051,inventory:1051,9,703,3,5,0.5,6,True
1052,inventory:1052,9,691,3,6,0.5,7,True
1053,inventory:1053,9,677,6,5,0.5,8,True
1054,inventory:1054,9,671,12,5,0.5,7,True
1055,inventory:1055,9,666,4,5,0.5,4,True
1056,inventory:1056,9,652,14,6,0.5,9,True
1057,inventory:1057,9,647,7,7,0.5,4,True
1058,inventory:1058,9,646,3,6,0.5,9,True
1059,inventory:1059,9,1361,9,6,0.5,6,True
1060,inventory:1060,9,1073,10,5,0.5,5,True
1061,inventory:1061,9,1059,10,6,0.5,9,True
1062,inventory:1062,9,1014,16,17,1.34,5,True
1063,inventory:1063,10,1360,10,5,0.5,9,True
1064,inventory:1064,10,365,11,11,1.34,8,True
1065,inventory:1065,10,627,13,6,0.5,6,True
1066,inventory:1066,10,502,10,14,1.0,3,True
1067,inventory:1067,10,278,7,5,0.5,4,True
1068,inventory:1068,10,249,13,6,0.5,3,True
1069,inventory:1069,10,191,7,5,0.62,8,True
1070,inventory:1070,10,917,8,6,0.5,3,True
1071,inventory:1071,10,828,6,5,0.5,3,True
1072,inventory:1072,10,642,10,5,0.5,3,True
1073,inventory:1073,10,818,9,6,0.5,5,True
1074,inventory:1074,10,825,5,7,0.5,7,True
1075,inventory:1075,10,306,6,5,0.5,3,True
1076,inventory:1076,10,977,10,5,0.5,9,True
1077,inventory:1077,10,44,5,4,0.5,4,True
1078,inventory:1078,10,251,15,7,0.5,5,True
1079,inventory:1079,10,403,11,6,0.5,8,True
1080,inventory:1080,10,957,5,6,0.5,9,True
1081,inventory:1081,10,1352,7,7,0.5,6,True
1082,inventory:1082,10,1349,8,6,0.5,6,True
1083,inventory:1083,10,1351,7,4,0.5,6,True
1084,inventory:1084,10,60,5,7,0.5,3,True
1085,inventory:1085,10,24,2,4,0.5,5,True
1086,inventory:1086,10,567,10,7,0.5,4,True
1087,inventory:1087,10,893,12,5,0.5,5,True
1088,inventory:1088,10,924,9,5,0.5,6,True
1089,inventory:1089,10,905,7,4,0.5,4,True
1090,inventory:1090,10,564,7,4,0.5,5,True
1091,inventory:1091,10,885,14,7,0.5,4,True
1092,inventory:1092,10,1363,3,7,0.5,5,True
1093,inventory:1093,10,1353,6,7,0.5,7,True
1094,inventory:1094,10,1357,10,5,0.5,3,True
1095,inventory:1095,10,906,12,6,0.5,4,True
1096,inventory:1096,10,886,6,4,0.5,9,True
1097,inventory:1097,10,926,11,5,0.5,7,True
1098,inventory:1098,10,116,6,5,0.5,6,True
1099,inventory:1099,10,235,10,5,0.5,8,True
1100,inventory:1100,10,273,5,4,0.5,7,True
1101,inventory:1101,10,282,12,6,0.5,3,True
1102,inventory:1102,10,359,17,7,0.5,7,True
1103,inventory:1103,10,565,10,7,0.5,7,True
1104,inventory:1104,10,572,12,7,0.5,4,True
1105,inventory:1105,10,804,7,5,0.5,9,True
1106,inventory:1106,10,822,6,7,0.5,5,True
1107,inventory:1107,10,835,9,7,0.5,4,True
1108,inventory:1108,10,276,5,5,0.5,3,True
1109,inventory:1109,10,823,14,6,0.5,5,True
1110,inventory:1110,10,203,12,7,0.5,5,True
1111,inventory:1111,10,364,11,5,0.5,7,True
1112,inventory:1112,10,1350,3,5,0.5,3,True
1113,inventory:1113,10,897,7,7,0.5,9,True
1114,inventory:1114,10,37,8,6,0.5,8,True
1115,inventory:1115,10,172,3,5,0.5,5,True
1116,inventory:1116,10,810,8,6,0.5,7,True
1117,inventory:1117,10,821,11,5,0.5,6,True
1118,inventory:1118,10,93,13,6,0.5,6,True
1119,inventory:1119,10,1347,13,6,0.5,3,True
1120,inventory:1120,10,305,4,5,0.5,4,True
1121,inventory:1121,10,1004,6,5,0.5,4,True
1122,inventory:1122,10,1346,5,5,0.5,7,True
1123,inventory:1123,10,58,4,4,0.5,7,True
1124,inventory:1124,10,311,5,6,0.5,9,True
1125,inventory:1125,10,303,2,5,0.5,4,True
1126,inventory:1126,10,1354,3,6,0.5,5,True
1127,inventory:1127,10,1348,16,7,0.5,4,True
1128,inventory:1128,10,78,5,5,0.5,8,True
1129,inventory:1129,10,258,14,7,0.5,6,True
1130,inventory:1130,10,797,2,4,0.5,7,True
1131,inventory:1131,10,981,15,7,0.5,5,True
1132,inventory:1132,10,1355,6,4,0.5,6,True
1133,inventory:1133,10,135,13,6,0.5,4,True
1134,inventory:1134,10,134,3,6,0.5,6,True
1135,inventory:1135,10,845,10,5,0.5,7,True
1136,inventory:1136,10,982,11,5,0.5,7,True
1137,inventory:1137,10,625,5,5,0.5,4,True
1138,inventory:1138,10,1359,4,4,0.5,3,True
1139,inventory:1139,10,1356,2,4,0.5,7,True
1140,inventory:1140,10,607,2,4,0.5,8,True
1141,inventory:1141,10,1358,4,7,0.5,9,True
1142,inventory:1142,10,1362,13,7,0.5,8,True
1143,inventory:1143,10,295,5,5,0.5,9,True
1144,inventory:1144,10,127,13,6,0.5,8,True
1145,inventory:1145,10,61,5,6,0.5,8,True
1146,inventory:1146,10,35,15,7,0.5,6,True
1147,inventory:1147,10,858,7,6,0.5,5,True
1148,inventory:1148,10,860,9,6,0.5,9,True
1149,inventory:1149,10,216,9,7,0.5,8,True
1150,inventory:1150,10,19,6,5,0.5,4,True
1151,inventory:1151,10,226,3,5,0.5,3,True
1152,inventory:1152,10,208,4,5,0.5,3,True
1153,inventory:1153,10,793,6,7,0.5,5,True
1154,inventory:1154,10,792,13,6,0.5,6,True
1155,inventory:1155,10,786,5,5,0.5,6,True
1156,inventory:1156,10,778,9,6,0.5,5,True
1157,inventory:1157,10,777,9,6,0.5,4,True
1158,inventory:1158,10,775,8,5,0.5,8,True
1159,inventory:1159,10,773,10,5,0.5,3,True
1160,inventory:1160,10,771,8,5,0.5,8,True
1161,inventory:1161,10,768,11,5,0.5,5,True
1162,inventory:1162,10,743,4,5,0.5,9,True
1163,inventory:1163,10,730,13,7,0.5,9,True
1164,inventory:1164,10,728,3,4,0.5,5,True
1165,inventory:1165,10,725,4,5,0.5,7,True
1166,inventory:1166,10,724,7,7,0.5,6,True
1167,inventory:1167,10,715,5,4,0.5,3,True
1168,inventory:1168,10,705,13,6,0.5,9,True
1169,inventory:1169,10,703,7,5,0.5,3,True
1170,inventory:1170,10,691,7,5,0.5,8,True
1171,inventory:1171,10,677,7,6,0.5,9,True
1172,inventory:1172,10,671,4,7,0.5,9,True
1173,inventory:1173,10,666,9,6,0.5,9,True
1174,inventory:1174,10,652,10,7,0.5,4,True
1175,inventory:1175,10,647,9,5,0.5,6,True
1176,inventory:1176,10,646,5,6,0.5,6,True
1177,inventory:1177,10,1361,7,6,0.5,7,True
1178,inventory:1178,10,1073,5,4,0.5,9,True
1179,inventory:1179,10,1059,5,4,0.5,3,True
1180,inventory:1180,10,1014,8,8,1.03,8,True
1181,inventory:1181,11,1360,12,5,0.5,7,True
1182,inventory:1182,11,365,81,49,3.61,5,True
1183,inventory:1183,11,627,21,19,1.42,9,True
1184,inventory:1184,11,502,30,39,3.17,3,True
1185,inventory:1185,11,278,3,6,0.5,7,True
1186,inventory:1186,11,249,12,5,0.5,6,True
1187,inventory:1187,11,191,14,16,1.86,5,True
1188,inventory:1188,11,917,13,6,0.5,6,True
1189,inventory:1189,11,828,5,6,0.5,8,True
1190,inventory:1190,11,642,5,4,0.5,6,True
1191,inventory:1191,11,818,9,7,0.5,8,True
1192,inventory:1192,11,825,8,6,0.5,5,True
1193,inventory:1193,11,306,11,6,0.5,7,True
1194,inventory:1194,11,977,14,6,0.5,7,True
1195,inventory:1195,11,44,3,4,0.5,5,True
1196,inventory:1196,11,251,9,6,0.5,9,True
1197,inventory:1197,11,403,14,14,1.12,6,True
1198,inventory:1198,11,957,17,9,0.72,9,True
1199,inventory:1199,11,1352,4,5,0.5,5,True
1200,inventory:1200,11,1349,10,5,0.5,8,True
1201,inventory:1201,11,1351,6,6,0.5,9,True
1202,inventory:1202,11,60,11,6,0.5,4,True
1203,inventory:1203,11,24,4,7,0.5,5,True
1204,inventory:1204,11,567,2,4,0.5,8,True
1205,inventory:1205,11,893,9,7,0.5,4,True
1206,inventory:1206,11,924,6,5,0.5,4,True
1207,inventory:1207,11,905,3,5,0.5,5,True
1208,inventory:1208,11,564,4,6,0.5,8,True
1209,inventory:1209,11,885,9,5,0.5,8,True
1210,inventory:1210,11,1363,5,7,0.5,9,True
1211,inventory:1211,11,1353,9,7,0.5,3,True
1212,inventory:1212,11,1357,3,6,0.5,6,True
1213,inventory:1213,11,906,13,6,0.5,4,True
1214,inventory:1214,11,886,10,5,0.5,9,True
1215,inventory:1215,11,926,4,4,0.5,7,True
1216,inventory:1216,11,116,6,5,0.5,9,True
1217,inventory:1217,11,235,5,6,0.5,7,True
1218,inventory:1218,11,273,10,6,0.5,7,True
1219,inventory:1219,11,282,5,6,0.5,6,True
1220,inventory:1220,11,359,7,6,0.5,9,True
1221,inventory:1221,11,565,8,5,0.5,5,True
1222,inventory:1222,11,572,7,6,0.5,7,True
1223,inventory:1223,11,804,5,7,0.5,9,True
1224,inventory:1224,11,822,7,6,0.5,7,True
1225,inventory:1225,11,835,5,5,0.5,9,True
1226,inventory:1226,11,276,6,6,0.5,7,True
1227,inventory:1227,11,823,5,6,0.5,7,True
1228,inventory:1228,11,203,13,6,0.5,7,True
1229,inventory:1229,11,364,6,6,0.5,8,True
1230,inventory:1230,11,1350,11,5,0.5,3,True
1231,inventory:1231,11,897,13,6,0.5,7,True
1232,inventory:1232,11,37,7,4,0.5,6,True
1233,inventory:1233,11,172,5,4,0.5,4,True
1234,inventory:1234,11,810,11,5,0.5,9,True
1235,inventory:1235,11,821,13,7,0.5,5,True
1236,inventory:1236,11,93,14,6,0.5,3,True
1237,inventory:1237,11,1347,4,5,0.5,5,True
1238,inventory:1238,11,305,11,5,0.5,7,True
1239,inventory:1239,11,1004,7,8,0.84,6,True
1240,inventory:1240,11,1346,11,6,0.5,5,True
1241,inventory:1241,11,58,12,7,0.5,5,True
1242,inventory:1242,11,311,7,7,0.5,6,True
1243,inventory:1243,11,303,6,5,0.5,7,True
1244,inventory:1244,11,1354,12,7,0.5,6,True
1245,inventory:1245,11,1348,4,7,0.5,4,True
1246,inventory:1246,11,78,14,6,0.5,9,True
1247,inventory:1247,11,258,11,7,0.5,6,True
1248,inventory:1248,11,797,12,7,0.5,7,True
1249,inventory:1249,11,981,9,5,0.5,7,True
1250,inventory:1250,11,1355,12,5,0.5,7,True
1251,inventory:1251,11,135,11,5,0.5,4,True
1252,inventory:1252,11,134,6,5,0.5,7,True
1253,inventory:1253,11,845,4,5,0.5,8,True
1254,inventory:1254,11,982,5,6,0.5,4,True
1255,inventory:1255,11,625,4,4,0.5,4,True
1256,inventory:1256,11,1359,2,5,0.5,7,True
1257,inventory:1257,11,1356,3,6,0.5,7,True
1258,inventory:1258,11,607,11,5,0.5,9,True
1259,inventory:1259,11,1358,7,5,0.5,7,True
1260,inventory:1260,11,1362,10,5,0.5,5,True
1261,inventory:1261,11,295,6,7,0.5,9,True
1262,inventory:1262,11,127,4,5,0.5,4,True
1263,inventory:1263,11,61,8,5,0.5,5,True
1264,inventory:1264,11,35,11,5,0.5,4,True
1265,inventory:1265,11,858,8,4,0.5,3,True
1266,inventory:1266,11,860,7,6,0.5,7,True
1267,inventory:1267,11,216,4,5,0.5,7,True
1268,inventory:1268,11,19,7,6,0.5,6,True
1269,inventory:1269,11,226,9,5,0.5,7,True
1270,inventory:1270,11,208,5,7,0.5,9,True
1271,inventory:1271,11,793,12,6,0.5,3,True
1272,inventory:1272,11,792,11,6,0.5,8,True
1273,inventory:1273,11,786,7,5,0.5,5,True
1274,inventory:1274,11,778,9,5,0.5,8,True
1275,inventory:1275,11,777,7,5,0.5,4,True
1276,inventory:1276,11,775,10,6,0.5,9,True
1277,inventory:1277,11,773,15,7,0.5,6,True
1278,inventory:1278,11,771,12,7,0.5,5,True
1279,inventory:1279,11,768,8,6,0.5,7,True
1280,inventory:1280,11,743,8,5,0.5,6,True
1281,inventory:1281,11,730,8,4,0.5,3,True
1282,inventory:1282,11,728,6,4,0.5,5,True
1283,inventory:1283,11,725,11,5,0.5,7,True
1284,inventory:1284,11,724,11,5,0.5,9,True
1285,inventory:1285,11,715,4,5,0.5,8,True
1286,inventory:1286,11,705,6,5,0.5,5,True
1287,inventory:1287,11,703,6,7,0.5,4,True
1288,inventory:1288,11,691,5,7,0.5,7,True
1289,inventory:1289,11,677,6,5,0.5,9,True
1290,inventory:1290,11,671,4,6,0.5,6,True
1291,inventory:1291,11,666,7,5,0.5,8,True
1292,inventory:1292,11,652,10,6,0.5,6,True
1293,inventory:1293,11,647,4,5,0.5,3,True
1294,inventory:1294,11,646,3,5,0.5,4,True
1295,inventory:1295,11,1361,10,6,0.5,9,True
1296,inventory:1296,11,1073,7,7,0.73,4,True
1297,inventory:1297,11,1059,5,5,0.5,6,True
1298,inventory:1298,11,1014,43,29,2.83,7,True
1299,inventory:1299,12,1360,7,5,0.5,9,True
1300,inventory:1300,12,365,33,28,3.38,9,True
1301,inventory:1301,12,627,19,12,1.42,8,True
1302,inventory:1302,12,502,16,28,2.8,9,True
1303,inventory:1303,12,278,10,5,0.5,9,True
1304,inventory:1304,12,249,11,5,0.5,8,True
1305,inventory:1305,12,191,36,18,1.77,5,True
1306,inventory:1306,12,917,6,5,0.5,3,True
1307,inventory:1307,12,828,11,6,0.5,9,True
1308,inventory:1308,12,642,12,6,0.5,9,True
1309,inventory:1309,12,818,6,6,0.5,9,True
1310,inventory:1310,12,825,6,4,0.5,8,True
1311,inventory:1311,12,306,4,6,0.5,8,True
1312,inventory:1312,12,977,7,5,0.5,7,True
1313,inventory:1313,12,44,8,5,0.5,8,True
1314,inventory:1314,12,251,16,7,0.5,3,True
1315,inventory:1315,12,403,25,15,1.04,3,True
1316,inventory:1316,12,957,4,8,0.64,5,True
1317,inventory:1317,12,1352,6,6,0.5,6,True
1318,inventory:1318,12,1349,9,6,0.5,8,True
1319,inventory:1319,12,1351,5,4,0.5,6,True
1320,inventory:1320,12,60,11,5,0.5,6,True
1321,inventory:1321,12,24,4,5,0.5,9,True
1322,inventory:1322,12,567,7,5,0.5,5,True
1323,inventory:1323,12,893,3,6,0.5,9,True
1324,inventory:1324,12,924,3,4,0.5,5,True
1325,inventory:1325,12,905,9,6,0.5,8,True
1326,inventory:1326,12,564,11,5,0.5,4,True
1327,inventory:1327,12,885,16,7,0.5,5,True
1328,inventory:1328,12,1363,13,6,0.5,8,True
1329,inventory:1329,12,1353,4,6,0.5,4,True
1330,inventory:1330,12,1357,5,6,0.5,3,True
1331,inventory:1331,12,906,4,4,0.5,3,True
1332,inventory:1332,12,886,8,6,0.5,3,True
1333,inventory:1333,12,926,16,7,0.5,5,True
1334,inventory:1334,12,116,5,4,0.5,7,True
1335,inventory:1335,12,235,8,7,0.5,7,True
1336,inventory:1336,12,273,5,7,0.5,9,True
1337,inventory:1337,12,282,12,7,0.5,5,True
1338,inventory:1338,12,359,4,7,0.5,8,True
1339,inventory:1339,12,565,3,4,0.5,4,True
1340,inventory:1340,12,572,6,4,0.5,9,True
1341,inventory:1341,12,804,7,6,0.5,6,True
1342,inventory:1342,12,822,7,4,0.5,5,True
1343,inventory:1343,12,835,3,7,0.5,3,True
1344,inventory:1344,12,276,13,6,0.5,5,True
1345,inventory:1345,12,823,11,6,0.5,7,True
1346,inventory:1346,12,203,7,4,0.5,3,True
1347,inventory:1347,12,364,9,7,0.5,9,True
1348,inventory:1348,12,1350,10,5,0.5,4,True
1349,inventory:1349,12,897,4,5,0.5,6,True
1350,inventory:1350,12,37,7,5,0.5,5,True
1351,inventory:1351,12,172,2,4,0.5,4,True
1352,inventory:1352,12,810,4,7,0.5,8,True
1353,inventory:1353,12,821,5,6,0.5,3,True
1354,inventory:1354,12,93,16,7,0.5,5,True
1355,inventory:1355,12,1347,7,6,0.5,5,True
1356,inventory:1356,12,305,4,4,0.5,3,True
1357,inventory:1357,12,1004,11,7,0.82,3,True
1358,inventory:1358,12,1346,2,4,0.5,6,True
1359,inventory:1359,12,58,4,6,0.5,6,True
1360,inventory:1360,12,311,3,4,0.5,3,True
1361,inventory:1361,12,303,16,7,0.5,4,True
1362,inventory:1362,12,1354,6,5,0.5,8,True
1363,inventory:1363,12,1348,5,6,0.5,7,True
1364,inventory:1364,12,78,5,4,0.5,7,True
1365,inventory:1365,12,258,4,4,0.5,6,True
1366,inventory:1366,12,797,5,5,0.5,9,True
1367,inventory:1367,12,981,9,6,0.5,6,True
1368,inventory:1368,12,1355,3,5,0.5,7,True
1369,inventory:1369,12,135,3,6,0.5,8,True
1370,inventory:1370,12,134,10,5,0.5,6,True
1371,inventory:1371,12,845,11,7,0.5,8,True
1372,inventory:1372,12,982,6,5,0.5,6,True
1373,inventory:1373,12,625,10,6,0.5,4,True
1374,inventory:1374,12,1359,11,5,0.5,8,True
1375,inventory:1375,12,1356,4,4,0.5,5,True
1376,inventory:1376,12,607,16,7,0.5,3,True
1377,inventory:1377,12,1358,15,7,0.5,6,True
1378,inventory:1378,12,1362,15,7,0.5,5,True
1379,inventory:1379,12,295,11,7,0.5,5,True
1380,inventory:1380,12,127,5,7,0.5,6,True
1381,inventory:1381,12,61,7,7,0.5,8,True
1382,inventory:1382,12,35,8,7,0.5,9,True
1383,inventory:1383,12,858,8,4,0.5,4,True
1384,inventory:1384,12,860,6,6,0.5,6,True
1385,inventory:1385,12,216,6,5,0.5,7,True
1386,inventory:1386,12,19,12,7,0.5,9,True
1387,inventory:1387,12,226,14,6,0.5,8,True
1388,inventory:1388,12,208,5,5,0.5,8,True
1389,inventory:1389,12,793,10,6,0.5,3,True
1390,inventory:1390,12,792,8,7,0.5,4,True
1391,inventory:1391,12,786,14,6,0.5,3,True
1392,inventory:1392,12,778,4,5,0.5,9,True
1393,inventory:1393,12,777,5,5,0.5,4,True
1394,inventory:1394,12,775,8,5,0.5,7,True
1395,inventory:1395,12,773,2,5,0.5,5,True
1396,inventory:1396,12,771,9,7,0.5,8,True
1397,inventory:1397,12,768,7,4,0.5,5,True
1398,inventory:1398,12,743,4,7,0.5,5,True
1399,inventory:1399,12,730,8,5,0.5,4,True
1400,inventory:1400,12,728,9,7,0.5,4,True
1401,inventory:1401,12,725,13,7,0.5,5,True
1402,inventory:1402,12,724,4,5,0.5,5,True
1403,inventory:1403,12,715,13,7,0.5,5,True
1404,inventory:1404,12,705,12,6,0.5,4,True
1405,inventory:1405,12,703,2,5,0.5,4,True
1406,inventory:1406,12,691,11,7,0.5,8,True
1407,inventory:1407,12,677,7,4,0.5,5,True
1408,inventory:1408,12,671,12,7,0.5,8,True
1409,inventory:1409,12,666,14,7,0.5,4,True
1410,inventory:1410,12,652,10,6,0.5,8,True
1411,inventory:1411,12,647,11,7,0.5,9,True
1412,inventory:1412,12,646,6,5,0.5,5,True
1413,inventory:1413,12,1361,3,6,0.5,8,True
1414,inventory:1414,12,1073,13,6,0.7,6,True
1415,inventory:1415,12,1059,9,7,0.5,9,True
1416,inventory:1416,12,1014,73,34,2.69,3,True
1417,inventory:1417,13,1360,12,5,0.5,5,True
1418,inventory:1418,13,365,69,41,5.55,3,True
1419,inventory:1419,13,627,30,30,2.51,7,True
1420,inventory:1420,13,502,58,63,5.18,7,True
1421,inventory:1421,13,278,9,5,0.5,8,True
1422,inventory:1422,13,249,6,7,0.5,4,True
1423,inventory:1423,13,191,24,37,2.9,4,True
1424,inventory:1424,13,917,7,5,0.5,5,True
1425,inventory:1425,13,828,7,6,0.5,9,True
1426,inventory:1426,13,642,9,7,0.5,3,True
1427,inventory:1427,13,818,5,5,0.5,6,True
1428,inventory:1428,13,825,9,5,0.5,3,True
1429,inventory:1429,13,306,5,6,0.5,3,True
1430,inventory:1430,13,977,3,5,0.5,3,True
1431,inventory:1431,13,44,8,7,0.5,6,True
1432,inventory:1432,13,251,4,5,0.5,6,True
1433,inventory:1433,13,403,32,16,1.72,8,True
1434,inventory:1434,13,957,9,11,1.11,7,True
1435,inventory:1435,13,1352,3,6,0.5,8,True
1436,inventory:1436,13,1349,5,7,0.5,3,True
1437,inventory:1437,13,1351,7,5,0.5,5,True
1438,inventory:1438,13,60,3,7,0.5,9,True
1439,inventory:1439,13,24,14,6,0.5,9,True
1440,inventory:1440,13,567,16,7,0.5,4,True
1441,inventory:1441,13,893,6,5,0.5,7,True
1442,inventory:1442,13,924,8,6,0.5,5,True
1443,inventory:1443,13,905,8,4,0.5,8,True
1444,inventory:1444,13,564,11,5,0.5,8,True
1445,inventory:1445,13,885,8,4,0.5,4,True
1446,inventory:1446,13,1363,13,7,0.5,4,True
1447,inventory:1447,13,1353,10,5,0.5,9,True
1448,inventory:1448,13,1357,7,5,0.5,7,True
1449,inventory:1449,13,906,6,4,0.5,6,True
1450,inventory:1450,13,886,5,7,0.5,9,True
1451,inventory:1451,13,926,5,6,0.5,9,True
1452,inventory:1452,13,116,5,6,0.5,3,True
1453,inventory:1453,13,235,4,6,0.5,3,True
1454,inventory:1454,13,273,7,4,0.5,5,True
1455,inventory:1455,13,282,14,7,0.5,3,True
1456,inventory:1456,13,359,6,4,0.5,7,True
1457,inventory:1457,13,565,3,6,0.5,3,True
1458,inventory:1458,13,572,6,7,0.5,9,True
1459,inventory:1459,13,804,3,4,0.5,7,True
1460,inventory:1460,13,822,9,6,0.5,7,True
1461,inventory:1461,13,835,2,4,0.5,9,True
1462,inventory:1462,13,276,6,5,0.5,3,True
1463,inventory:1463,13,823,15,7,0.5,9,True
1464,inventory:1464,13,203,6,5,0.5,7,True
1465,inventory:1465,13,364,9,5,0.5,8,True
1466,inventory:1466,13,1350,5,5,0.5,6,True
1467,inventory:1467,13,897,12,5,0.5,9,True
1468,inventory:1468,13,37,2,5,0.5,6,True
1469,inventory:1469,13,172,7,5,0.5,4,True
1470,inventory:1470,13,810,7,4,0.5,5,True
1471,inventory:1471,13,821,4,5,0.5,9,True
1472,inventory:1472,13,93,10,5,0.5,4,True
1473,inventory:1473,13,1347,6,4,0.5,7,True
1474,inventory:1474,13,305,6,6,0.5,5,True
1475,inventory:1475,13,1004,16,19,1.31,3,True
1476,inventory:1476,13,1346,3,5,0.5,7,True
1477,inventory:1477,13,58,5,6,0.5,6,True
1478,inventory:1478,13,311,11,6,0.5,3,True
1479,inventory:1479,13,303,7,7,0.5,4,True
1480,inventory:1480,13,1354,12,5,0.5,9,True
1481,inventory:1481,13,1348,10,5,0.5,8,True
1482,inventory:1482,13,78,7,6,0.5,5,True
1483,inventory:1483,13,258,7,7,0.5,8,True
1484,inventory:1484,13,797,7,6,0.5,8,True
1485,inventory:1485,13,981,11,7,0.5,3,True
1486,inventory:1486,13,1355,10,6,0.5,3,True
1487,inventory:1487,13,135,12,5,0.5,6,True
1488,inventory:1488,13,134,11,6,0.5,3,True
1489,inventory:1489,13,845,3,5,0.5,6,True
1490,inventory:1490,13,982,4,5,0.5,4,True
1491,inventory:1491,13,625,7,7,0.5,7,True
1492,inventory:1492,13,1359,9,5,0.5,5,True
1493,inventory:1493,13,1356,8,7,0.5,4,True
1494,inventory:1494,13,607,3,4,0.5,9,True
1495,inventory:1495,13,1358,9,5,0.5,9,True
1496,inventory:1496,13,1362,4,5,0.5,6,True
1497,inventory:1497,13,295,2,5,0.5,9,True
1498,inventory:1498,13,127,13,6,0.5,8,True
1499,inventory:1499,13,61,9,4,0.5,5,True
1500,inventory:1500,13,35,13,6,0.5,8,True
1501,inventory:1501,13,858,7,6,0.5,8,True
1502,inventory:1502,13,860,9,5,0.5,8,True
1503,inventory:1503,13,216,11,7,0.5,8,True
1504,inventory:1504,13,19,7,5,0.5,9,True
1505,inventory:1505,13,226,10,5,0.5,7,True
1506,inventory:1506,13,208,3,6,0.5,9,True
1507,inventory:1507,13,793,13,6,0.5,6,True
1508,inventory:1508,13,792,8,5,0.5,6,True
1509,inventory:1509,13,786,3,6,0.5,6,True
1510,inventory:1510,13,778,16,7,0.5,6,True
1511,inventory:1511,13,777,3,6,0.5,6,True
1512,inventory:1512,13,775,8,6,0.5,5,True
1513,inventory:1513,13,773,7,4,0.5,7,True
1514,inventory:1514,13,771,9,5,0.5,6,True
1515,inventory:1515,13,768,6,5,0.5,7,True
1516,inventory:1516,13,743,11,7,0.5,9,True
1517,inventory:1517,13,730,6,6,0.5,3,True
1518,inventory:1518,13,728,10,6,0.5,9,True
1519,inventory:1519,13,725,11,6,0.5,3,True
1520,inventory:1520,13,724,4,7,0.5,7,True
1521,inventory:1521,13,715,4,5,0.5,5,True
1522,inventory:1522,13,705,3,5,0.5,9,True
1523,inventory:1523,13,703,6,6,0.5,3,True
1524,inventory:1524,13,691,3,6,0.5,4,True
1525,inventory:1525,13,677,10,5,0.5,6,True
1526,inventory:1526,13,671,8,7,0.5,4,True
1527,inventory:1527,13,666,8,5,0.5,7,True
1528,inventory:1528,13,652,5,4,0.5,4,True
1529,inventory:1529,13,647,9,7,0.5,4,True
1530,inventory:1530,13,646,7,6,0.5,5,True
1531,inventory:1531,13,1361,11,5,0.5,5,True
1532,inventory:1532,13,1073,12,16,1.27,8,True
1533,inventory:1533,13,1059,2,5,0.5,8,True
1534,inventory:1534,13,1014,38,50,4.59,3,True
1535,inventory:1535,14,1360,6,6,0.5,4,True
1536,inventory:1536,14,365,63,35,2.6,7,True
1537,inventory:1537,14,627,31,14,1.19,8,True
1538,inventory:1538,14,502,31,20,2.09,4,True
1539,inventory:1539,14,278,5,7,0.5,6,True
1540,inventory:1540,14,249,12,6,0.5,5,True
1541,inventory:1541,14,191,21,17,1.24,5,True
1542,inventory:1542,14,917,8,5,0.5,8,True
1543,inventory:1543,14,828,2,4,0.5,5,True
1544,inventory:1544,14,642,10,5,0.5,3,True
1545,inventory:1545,14,818,4,6,0.5,9,True
1546,inventory:1546,14,825,13,6,0.5,4,True
1547,inventory:1547,14,306,3,5,0.5,8,True
1548,inventory:1548,14,977,15,7,0.5,7,True
1549,inventory:1549,14,44,4,7,0.5,3,True
1550,inventory:1550,14,251,8,4,0.5,7,True
1551,inventory:1551,14,403,18,8,0.8,6,True
1552,inventory:1552,14,957,4,7,0.5,7,True
1553,inventory:1553,14,1352,11,7,0.5,7,True
1554,inventory:1554,14,1349,13,7,0.5,7,True
1555,inventory:1555,14,1351,10,5,0.5,3,True
1556,inventory:1556,14,60,4,7,0.5,9,True
1557,inventory:1557,14,24,4,7,0.5,3,True
1558,inventory:1558,14,567,9,4,0.5,9,True
1559,inventory:1559,14,893,12,7,0.5,8,True
1560,inventory:1560,14,924,11,5,0.5,5,True
1561,inventory:1561,14,905,11,5,0.5,5,True
1562,inventory:1562,14,564,13,6,0.5,8,True
1563,inventory:1563,14,885,12,7,0.5,4,True
1564,inventory:1564,14,1363,13,6,0.5,4,True
1565,inventory:1565,14,1353,12,7,0.5,5,True
1566,inventory:1566,14,1357,16,7,0.5,5,True
1567,inventory:1567,14,906,3,4,0.5,7,True
1568,inventory:1568,14,886,17,7,0.5,3,True
1569,inventory:1569,14,926,5,4,0.5,9,True
1570,inventory:1570,14,116,14,7,0.5,4,True
1571,inventory:1571,14,235,4,6,0.5,3,True
1572,inventory:1572,14,273,5,6,0.5,3,True
1573,inventory:1573,14,282,9,4,0.5,3,True
1574,inventory:1574,14,359,16,7,0.5,8,True
1575,inventory:1575,14,565,6,5,0.5,6,True
1576,inventory:1576,14,572,7,6,0.5,8,True
1577,inventory:1577,14,804,15,7,0.5,8,True
1578,inventory:1578,14,822,7,5,0.5,5,True
1579,inventory:1579,14,835,7,4,0.5,4,True
1580,inventory:1580,14,276,11,6,0.5,9,True
1581,inventory:1581,14,823,17,7,0.5,3,True
1582,inventory:1582,14,203,13,6,0.5,6,True
1583,inventory:1583,14,364,15,7,0.5,4,True
1584,inventory:1584,14,1350,14,7,0.5,9,True
1585,inventory:1585,14,897,13,7,0.5,6,True
1586,inventory:1586,14,37,2,4,0.5,9,True
1587,inventory:1587,14,172,9,6,0.5,8,True
1588,inventory:1588,14,810,12,7,0.5,6,True
1589,inventory:1589,14,821,8,5,0.5,5,True
1590,inventory:1590,14,93,11,7,0.5,7,True
1591,inventory:1591,14,1347,13,7,0.5,6,True
1592,inventory:1592,14,305,4,7,0.5,5,True
1593,inventory:1593,14,1004,4,7,0.61,8,True
1594,inventory:1594,14,1346,11,6,0.5,6,True
1595,inventory:1595,14,58,7,7,0.5,6,True
1596,inventory:1596,14,311,6,5,0.5,5,True
1597,inventory:1597,14,303,13,6,0.5,5,True
1598,inventory:1598,14,1354,5,7,0.5,6,True
1599,inventory:1599,14,1348,9,5,0.5,5,True
1600,inventory:1600,14,78,7,5,0.5,6,True
1601,inventory:1601,14,258,6,6,0.5,8,True
1602,inventory:1602,14,797,9,5,0.5,7,True
1603,inventory:1603,14,981,8,4,0.5,6,True
1604,inventory:1604,14,1355,8,6,0.5,3,True
1605,inventory:1605,14,135,5,5,0.5,4,True
1606,inventory:1606,14,134,8,5,0.5,4,True
1607,inventory:1607,14,845,16,7,0.5,6,True
1608,inventory:1608,14,982,3,5,0.5,9,True
1609,inventory:1609,14,625,15,7,0.5,8,True
1610,inventory:1610,14,1359,4,4,0.5,5,True
1611,inventory:1611,14,1356,11,7,0.5,3,True
1612,inventory:1612,14,607,9,6,0.5,9,True
1613,inventory:1613,14,1358,3,6,0.5,4,True
1614,inventory:1614,14,1362,11,6,0.5,9,True
1615,inventory:1615,14,295,10,5,0.5,7,True
1616,inventory:1616,14,127,5,7,0.5,4,True
1617,inventory:1617,14,61,6,6,0.5,4,True
1618,inventory:1618,14,35,3,4,0.5,3,True
1619,inventory:1619,14,858,10,6,0.5,4,True
1620,inventory:1620,14,860,9,5,0.5,9,True
1621,inventory:1621,14,216,4,5,0.5,4,True
1622,inventory:1622,14,19,16,7,0.5,5,True
1623,inventory:1623,14,226,4,4,0.5,6,True
1624,inventory:1624,14,208,10,5,0.5,9,True
1625,inventory:1625,14,793,11,7,0.5,3,True
1626,inventory:1626,14,792,13,6,0.5,6,True
1627,inventory:1627,14,786,5,7,0.5,3,True
1628,inventory:1628,14,778,10,7,0.5,9,True
1629,inventory:1629,14,777,3,7,0.5,3,True
1630,inventory:1630,14,775,8,4,0.5,8,True
1631,inventory:1631,14,773,12,7,0.5,6,True
1632,inventory:1632,14,771,6,6,0.5,8,True
1633,inventory:1633,14,768,4,7,0.5,3,True
1634,inventory:1634,14,743,6,6,0.5,7,True
1635,inventory:1635,14,730,12,6,0.5,4,True
1636,inventory:1636,14,728,15,7,0.5,4,True
1637,inventory:1637,14,725,3,6,0.5,5,True
1638,inventory:1638,14,724,7,7,0.5,5,True
1639,inventory:1639,14,715,10,5,0.5,6,True
1640,inventory:1640,14,705,15,7,0.5,4,True
1641,inventory:1641,14,703,6,7,0.5,3,True
1642,inventory:1642,14,691,4,5,0.5,3,True
1643,inventory:1643,14,677,5,6,0.5,4,True
1644,inventory:1644,14,671,9,5,0.5,9,True
1645,inventory:1645,14,666,10,6,0.5,8,True
1646,inventory:1646,14,652,10,5,0.5,9,True
1647,inventory:1647,14,647,3,5,0.5,3,True
1648,inventory:1648,14,646,7,6,0.5,8,True
1649,inventory:1649,14,1361,7,5,0.5,7,True
1650,inventory:1650,14,1073,3,6,0.53,6,True
1651,inventory:1651,14,1059,9,6,0.5,6,True
1652,inventory:1652,14,1014,27,15,1.91,5,True
1653,inventory:1653,15,1360,3,4,0.5,5,True
1654,inventory:1654,15,365,19,17,1.58,9,True
1655,inventory:1655,15,627,12,6,0.65,7,True
1656,inventory:1656,15,502,22,13,1.4,7,True
1657,inventory:1657,15,278,2,5,0.5,8,True
1658,inventory:1658,15,249,14,6,0.5,4,True
1659,inventory:1659,15,191,14,7,0.75,9,True
1660,inventory:1660,15,917,4,5,0.5,3,True
1661,inventory:1661,15,828,9,6,0.5,7,True
1662,inventory:1662,15,642,8,7,0.5,7,True
1663,inventory:1663,15,818,2,5,0.5,7,True
1664,inventory:1664,15,825,12,5,0.5,9,True
1665,inventory:1665,15,306,7,4,0.5,6,True
1666,inventory:1666,15,977,16,7,0.5,9,True
1667,inventory:1667,15,44,8,5,0.5,7,True
1668,inventory:1668,15,251,15,7,0.5,5,True
1669,inventory:1669,15,403,4,6,0.5,8,True
1670,inventory:1670,15,957,4,6,0.5,6,True
1671,inventory:1671,15,1352,10,6,0.5,3,True
1672,inventory:1672,15,1349,14,7,0.5,3,True
1673,inventory:1673,15,1351,13,7,0.5,9,True
1674,inventory:1674,15,60,7,4,0.5,6,True
1675,inventory:1675,15,24,3,4,0.5,3,True
1676,inventory:1676,15,567,13,7,0.5,7,True
1677,inventory:1677,15,893,16,7,0.5,9,True
1678,inventory:1678,15,924,9,4,0.5,3,True
1679,inventory:1679,15,905,5,7,0.5,8,True
1680,inventory:1680,15,564,9,4,0.5,4,True
1681,inventory:1681,15,885,7,5,0.5,4,True
1682,inventory:1682,15,1363,2,4,0.5,9,True
1683,inventory:1683,15,1353,16,7,0.5,9,True
1684,inventory:1684,15,1357,4,5,0.5,8,True
1685,inventory:1685,15,906,3,6,0.5,5,True
1686,inventory:1686,15,886,17,7,0.5,8,True
1687,inventory:1687,15,926,6,5,0.5,6,True
1688,inventory:1688,15,116,4,4,0.5,6,True
1689,inventory:1689,15,235,9,6,0.5,6,True
1690,inventory:1690,15,273,6,7,0.5,4,True
1691,inventory:1691,15,282,3,4,0.5,3,True
1692,inventory:1692,15,359,12,6,0.5,3,True
1693,inventory:1693,15,565,7,6,0.5,9,True
1694,inventory:1694,15,572,6,5,0.5,8,True
1695,inventory:1695,15,804,10,7,0.5,5,True
1696,inventory:1696,15,822,5,5,0.5,7,True
1697,inventory:1697,15,835,4,7,0.5,3,True
1698,inventory:1698,15,276,3,4,0.5,3,True
1699,inventory:1699,15,823,10,6,0.5,8,True
1700,inventory:1700,15,203,3,5,0.5,3,True
1701,inventory:1701,15,364,2,5,0.5,8,True
1702,inventory:1702,15,1350,3,6,0.5,9,True
1703,inventory:1703,15,897,10,7,0.5,3,True
1704,inventory:1704,15,37,5,5,0.5,3,True
1705,inventory:1705,15,172,2,4,0.5,8,True
1706,inventory:1706,15,810,10,6,0.5,4,True
1707,inventory:1707,15,821,3,5,0.5,9,True
1708,inventory:1708,15,93,10,6,0.5,5,True
1709,inventory:1709,15,1347,5,6,0.5,3,True
1710,inventory:1710,15,305,15,7,0.5,8,True
1711,inventory:1711,15,1004,17,7,0.5,6,True
1712,inventory:1712,15,1346,4,4,0.5,9,True
1713,inventory:1713,15,58,5,4,0.5,7,True
1714,inventory:1714,15,311,12,5,0.5,6,True
1715,inventory:1715,15,303,8,7,0.5,5,True
1716,inventory:1716,15,1354,8,4,0.5,6,True
1717,inventory:1717,15,1348,4,4,0.5,3,True
1718,inventory:1718,15,78,7,6,0.5,9,True
1719,inventory:1719,15,258,4,5,0.5,3,True
1720,inventory:1720,15,797,6,4,0.5,3,True
1721,inventory:1721,15,981,8,5,0.5,3,True
1722,inventory:1722,15,1355,7,7,0.5,4,True
1723,inventory:1723,15,135,12,5,0.5,5,True
1724,inventory:1724,15,134,4,5,0.5,4,True
1725,inventory:1725,15,845,4,5,0.5,6,True
1726,inventory:1726,15,982,7,4,0.5,4,True
1727,inventory:1727,15,625,12,6,0.5,7,True
1728,inventory:1728,15,1359,11,5,0.5,8,True
1729,inventory:1729,15,1356,13,7,0.5,8,True
1730,inventory:1730,15,607,5,5,0.5,8,True
1731,inventory:1731,15,1358,5,4,0.5,5,True
1732,inventory:1732,15,1362,2,4,0.5,5,True
1733,inventory:1733,15,295,9,6,0.5,9,True
1734,inventory:1734,15,127,8,5,0.5,4,True
1735,inventory:1735,15,61,10,6,0.5,9,True
1736,inventory:1736,15,35,7,6,0.5,3,True
1737,inventory:1737,15,858,9,7,0.5,7,True
1738,inventory:1738,15,860,6,5,0.5,8,True
1739,inventory:1739,15,216,13,7,0.5,5,True
1740,inventory:1740,15,19,6,5,0.5,9,True
1741,inventory:1741,15,226,6,4,0.5,6,True
1742,inventory:1742,15,208,12,7,0.5,7,True
1743,inventory:1743,15,793,13,7,0.5,4,True
1744,inventory:1744,15,792,8,5,0.5,8,True
1745,inventory:1745,15,786,5,7,0.5,7,True
1746,inventory:1746,15,778,7,5,0.5,8,True
1747,inventory:1747,15,777,10,5,0.5,3,True
1748,inventory:1748,15,775,7,5,0.5,9,True
1749,inventory:1749,15,773,8,6,0.5,9,True
1750,inventory:1750,15,771,5,6,0.5,5,True
1751,inventory:1751,15,768,7,6,0.5,4,True
1752,inventory:1752,15,743,2,5,0.5,4,True
1753,inventory:1753,15,730,7,4,0.5,8,True
1754,inventory:1754,15,728,8,5,0.5,9,True
1755,inventory:1755,15,725,7,5,0.5,4,True
1756,inventory:1756,15,724,5,6,0.5,6,True
1757,inventory:1757,15,715,5,6,0.5,6,True
1758,inventory:1758,15,705,4,6,0.5,6,True
1759,inventory:1759,15,703,5,4,0.5,6,True
1760,inventory:1760,15,691,7,5,0.5,6,True
1761,inventory:1761,15,677,10,7,0.5,6,True
1762,inventory:1762,15,671,6,7,0.5,6,True
1763,inventory:1763,15,666,5,4,0.5,5,True
1764,inventory:1764,15,652,13,6,0.5,6,True
1765,inventory:1765,15,647,5,6,0.5,6,True
1766,inventory:1766,15,646,8,4,0.5,3,True
1767,inventory:1767,15,1361,9,4,0.5,4,True
1768,inventory:1768,15,1073,12,7,0.5,4,True
1769,inventory:1769,15,1059,6,7,0.5,5,True
1770,inventory:1770,15,1014,14,12,1.19,5,True
1771,inventory:1771,16,1360,12,7,0.5,9,True
1772,inventory:1772,16,365,36,25,3.11,7,True
1773,inventory:1773,16,627,13,17,1.25,4,True
1774,inventory:1774,16,502,38,20,2.58,8,True
1775,inventory:1775,16,278,4,7,0.5,6,True
1776,inventory:1776,16,249,4,7,0.5,4,True
1777,inventory:1777,16,191,14,15,1.44,3,True
1778,inventory:1778,16,917,3,6,0.5,3,True
1779,inventory:1779,16,828,6,7,0.5,3,True
1780,inventory:1780,16,642,11,6,0.5,5,True
1781,inventory:1781,16,818,7,7,0.5,3,True
1782,inventory:1782,16,825,3,5,0.5,9,True
1783,inventory:1783,16,306,9,6,0.5,8,True
1784,inventory:1784,16,977,8,7,0.5,5,True
1785,inventory:1785,16,44,16,7,0.5,9,True
1786,inventory:1786,16,251,17,7,0.5,7,True
1787,inventory:1787,16,403,23,11,0.86,3,True
1788,inventory:1788,16,957,7,7,0.56,6,True
1789,inventory:1789,16,1352,7,5,0.5,9,True
1790,inventory:1790,16,1349,4,6,0.5,5,True
1791,inventory:1791,16,1351,7,4,0.5,8,True
1792,inventory:1792,16,60,8,7,0.5,3,True
1793,inventory:1793,16,24,10,5,0.5,7,True
1794,inventory:1794,16,567,5,7,0.5,3,True
1795,inventory:1795,16,893,9,6,0.5,7,True
1796,inventory:1796,16,924,8,6,0.5,7,True
1797,inventory:1797,16,905,6,5,0.5,7,True
1798,inventory:1798,16,564,5,7,0.5,7,True
1799,inventory:1799,16,885,10,5,0.5,7,True
1800,inventory:1800,16,1363,7,6,0.5,3,True
1801,inventory:1801,16,1353,14,6,0.5,4,True
1802,inventory:1802,16,1357,8,6,0.5,8,True
1803,inventory:1803,16,906,6,5,0.5,8,True
1804,inventory:1804,16,886,4,5,0.5,7,True
1805,inventory:1805,16,926,16,7,0.5,7,True
1806,inventory:1806,16,116,9,7,0.5,5,True
1807,inventory:1807,16,235,14,6,0.5,4,True
1808,inventory:1808,16,273,10,7,0.5,8,True
1809,inventory:1809,16,282,16,7,0.5,7,True
1810,inventory:1810,16,359,9,7,0.5,8,True
1811,inventory:1811,16,565,6,6,0.5,4,True
1812,inventory:1812,16,572,10,7,0.5,8,True
1813,inventory:1813,16,804,8,5,0.5,6,True
1814,inventory:1814,16,822,4,6,0.5,9,True
1815,inventory:1815,16,835,6,5,0.5,9,True
1816,inventory:1816,16,276,8,5,0.5,3,True
1817,inventory:1817,16,823,4,7,0.5,7,True
1818,inventory:1818,16,203,13,7,0.5,8,True
1819,inventory:1819,16,364,5,5,0.5,4,True
1820,inventory:1820,16,1350,7,7,0.5,8,True
1821,inventory:1821,16,897,13,6,0.5,6,True
1822,inventory:1822,16,37,12,6,0.5,7,True
1823,inventory:1823,16,172,7,7,0.5,4,True
1824,inventory:1824,16,810,9,4,0.5,5,True
1825,inventory:1825,16,821,7,4,0.5,4,True
1826,inventory:1826,16,93,3,5,0.5,5,True
1827,inventory:1827,16,1347,14,7,0.5,7,True
1828,inventory:1828,16,305,8,5,0.5,6,True
1829,inventory:1829,16,1004,6,7,0.76,8,True
1830,inventory:1830,16,1346,6,4,0.5,4,True
1831,inventory:1831,16,58,16,7,0.5,4,True
1832,inventory:1832,16,311,8,5,0.5,3,True
1833,inventory:1833,16,303,8,4,0.5,4,True
1834,inventory:1834,16,1354,14,6,0.5,6,True
1835,inventory:1835,16,1348,6,5,0.5,6,True
1836,inventory:1836,16,78,11,5,0.5,7,True
1837,inventory:1837,16,258,7,5,0.5,7,True
1838,inventory:1838,16,797,12,6,0.5,4,True
1839,inventory:1839,16,981,2,4,0.5,3,True
1840,inventory:1840,16,1355,7,5,0.5,9,True
1841,inventory:1841,16,135,6,5,0.5,3,True
1842,inventory:1842,16,134,9,4,0.5,6,True
1843,inventory:1843,16,845,7,5,0.5,7,True
1844,inventory:1844,16,982,11,5,0.5,4,True
1845,inventory:1845,16,625,13,6,0.5,7,True
1846,inventory:1846,16,1359,14,7,0.5,8,True
1847,inventory:1847,16,1356,9,5,0.5,4,True
1848,inventory:1848,16,607,11,6,0.5,5,True
1849,inventory:1849,16,1358,5,5,0.5,8,True
1850,inventory:1850,16,1362,6,6,0.5,4,True
1851,inventory:1851,16,295,10,7,0.5,7,True
1852,inventory:1852,16,127,10,7,0.5,3,True
1853,inventory:1853,16,61,9,5,0.5,7,True
1854,inventory:1854,16,35,7,7,0.5,3,True
1855,inventory:1855,16,858,6,7,0.5,6,True
1856,inventory:1856,16,860,16,7,0.5,8,True
1857,inventory:1857,16,216,8,5,0.5,9,True
1858,inventory:1858,16,19,11,7,0.5,7,True
1859,inventory:1859,16,226,8,4,0.5,3,True
1860,inventory:1860,16,208,4,5,0.5,5,True
1861,inventory:1861,16,793,10,7,0.5,5,True
1862,inventory:1862,16,792,13,7,0.5,3,True
1863,inventory:1863,16,786,7,7,0.5,9,True
1864,inventory:1864,16,778,3,6,0.5,4,True
1865,inventory:1865,16,777,9,5,0.5,9,True
1866,inventory:1866,16,775,5,7,0.5,5,True
1867,inventory:1867,16,773,5,4,0.5,8,True
1868,inventory:1868,16,771,7,6,0.5,4,True
1869,inventory:1869,16,768,8,7,0.5,7,True
1870,inventory:1870,16,743,13,6,0.5,9,True
1871,inventory:1871,16,730,9,4,0.5,8,True
1872,inventory:1872,16,728,6,4,0.5,9,True
1873,inventory:1873,16,725,5,7,0.5,7,True
1874,inventory:1874,16,724,10,5,0.5,4,True
1875,inventory:1875,16,715,11,6,0.5,4,True
1876,inventory:1876,16,705,5,6,0.5,5,True
1877,inventory:1877,16,703,9,7,0.5,5,True
1878,inventory:1878,16,691,3,4,0.5,3,True
1879,inventory:1879,16,677,7,7,0.5,5,True
1880,inventory:1880,16,671,6,4,0.5,4,True
1881,inventory:1881,16,666,12,5,0.5,3,True
1882,inventory:1882,16,652,3,6,0.5,6,True
1883,inventory:1883,16,647,3,5,0.5,6,True
1884,inventory:1884,16,646,9,6,0.5,9,True
1885,inventory:1885,16,1361,6,7,0.5,8,True
1886,inventory:1886,16,1073,13,9,0.62,7,True
1887,inventory:1887,16,1059,3,7,0.5,4,True
1888,inventory:1888,16,1014,54,28,2.51,9,True
1889,inventory:1889,17,1360,6,7,0.5,4,True
1890,inventory:1890,17,365,4,7,0.5,8,True
1891,inventory:1891,17,627,11,5,0.5,4,True
1892,inventory:1892,17,502,11,5,0.5,7,True
1893,inventory:1893,17,278,7,6,0.5,4,True
1894,inventory:1894,17,249,9,4,0.5,7,True
1895,inventory:1895,17,191,9,6,0.5,6,True
1896,inventory:1896,17,917,10,6,0.5,8,True
1897,inventory:1897,17,828,9,6,0.5,9,True
1898,inventory:1898,17,642,10,6,0.5,5,True
1899,inventory:1899,17,818,8,6,0.5,6,True
1900,inventory:1900,17,825,17,7,0.5,3,True
1901,inventory:1901,17,306,11,7,0.5,9,True
1902,inventory:1902,17,977,5,7,0.5,5,True
1903,inventory:1903,17,44,2,5,0.5,6,True
1904,inventory:1904,17,251,15,7,0.5,5,True
1905,inventory:1905,17,403,9,5,0.5,6,True
1906,inventory:1906,17,957,12,6,0.5,9,True
1907,inventory:1907,17,1352,4,5,0.5,9,True
1908,inventory:1908,17,1349,3,5,0.5,3,True
1909,inventory:1909,17,1351,2,4,0.5,5,True
1910,inventory:1910,17,60,4,5,0.5,8,True
1911,inventory:1911,17,24,8,4,0.5,8,True
1912,inventory:1912,17,567,3,5,0.5,5,True
1913,inventory:1913,17,893,7,7,0.5,3,True
1914,inventory:1914,17,924,4,6,0.5,4,True
1915,inventory:1915,17,905,5,4,0.5,9,True
1916,inventory:1916,17,564,6,7,0.5,3,True
1917,inventory:1917,17,885,7,7,0.5,4,True
1918,inventory:1918,17,1363,5,4,0.5,7,True
1919,inventory:1919,17,1353,12,7,0.5,3,True
1920,inventory:1920,17,1357,5,6,0.5,5,True
1921,inventory:1921,17,906,3,6,0.5,7,True
1922,inventory:1922,17,886,11,7,0.5,4,True
1923,inventory:1923,17,926,3,5,0.5,8,True
1924,inventory:1924,17,116,12,6,0.5,3,True
1925,inventory:1925,17,235,8,4,0.5,5,True
1926,inventory:1926,17,273,5,5,0.5,8,True
1927,inventory:1927,17,282,2,4,0.5,7,True
1928,inventory:1928,17,359,9,4,0.5,4,True
1929,inventory:1929,17,565,14,6,0.5,5,True
1930,inventory:1930,17,572,9,6,0.5,5,True
1931,inventory:1931,17,804,8,5,0.5,6,True
1932,inventory:1932,17,822,14,7,0.5,4,True
1933,inventory:1933,17,835,11,5,0.5,5,True
1934,inventory:1934,17,276,8,4,0.5,9,True
1935,inventory:1935,17,823,14,7,0.5,4,True
1936,inventory:1936,17,203,5,6,0.5,9,True
1937,inventory:1937,17,364,5,5,0.5,8,True
1938,inventory:1938,17,1350,8,6,0.5,7,True
1939,inventory:1939,17,897,5,4,0.5,7,True
1940,inventory:1940,17,37,4,7,0.5,3,True
1941,inventory:1941,17,172,13,6,0.5,6,True
1942,inventory:1942,17,810,12,6,0.5,6,True
1943,inventory:1943,17,821,11,5,0.5,4,True
1944,inventory:1944,17,93,11,7,0.5,6,True
1945,inventory:1945,17,1347,3,6,0.5,6,True
1946,inventory:1946,17,305,14,7,0.5,5,True
1947,inventory:1947,17,1004,5,5,0.5,6,True
1948,inventory:1948,17,1346,7,4,0.5,7,True
1949,inventory:1949,17,58,8,5,0.5,6,True
1950,inventory:1950,17,311,5,7,0.5,5,True
1951,inventory:1951,17,303,5,6,0.5,6,True
1952,inventory:1952,17,1354,10,6,0.5,6,True
1953,inventory:1953,17,1348,11,5,0.5,4,True
1954,inventory:1954,17,78,8,5,0.5,3,True
1955,inventory:1955,17,258,13,7,0.5,7,True
1956,inventory:1956,17,797,12,7,0.5,5,True
1957,inventory:1957,17,981,6,5,0.5,6,True
1958,inventory:1958,17,1355,3,5,0.5,5,True
1959,inventory:1959,17,135,2,5,0.5,5,True
1960,inventory:1960,17,134,10,5,0.5,3,True
1961,inventory:1961,17,845,11,7,0.5,7,True
1962,inventory:1962,17,982,14,7,0.5,6,True
1963,inventory:1963,17,625,3,7,0.5,3,True
1964,inventory:1964,17,1359,12,6,0.5,5,True
1965,inventory:1965,17,1356,7,6,0.5,5,True
1966,inventory:1966,17,607,2,4,0.5,9,True
1967,inventory:1967,17,1358,6,4,0.5,3,True
1968,inventory:1968,17,1362,8,6,0.5,3,True
1969,inventory:1969,17,295,4,4,0.5,7,True
1970,inventory:1970,17,127,16,7,0.5,6,True
1971,inventory:1971,17,61,8,4,0.5,6,True
1972,inventory:1972,17,35,9,7,0.5,9,True
1973,inventory:1973,17,858,6,4,0.5,4,True
1974,inventory:1974,17,860,12,7,0.5,7,True
1975,inventory:1975,17,216,12,6,0.5,5,True
1976,inventory:1976,17,19,12,6,0.5,4,True
1977,inventory:1977,17,226,8,5,0.5,5,True
1978,inventory:1978,17,208,14,6,0.5,3,True
1979,inventory:1979,17,793,6,5,0.5,6,True
1980,inventory:1980,17,792,7,6,0.5,6,True
1981,inventory:1981,17,786,6,5,0.5,8,True
1982,inventory:1982,17,778,3,6,0.5,7,True
1983,inventory:1983,17,777,8,6,0.5,7,True
1984,inventory:1984,17,775,14,7,0.5,4,True
1985,inventory:1985,17,773,5,5,0.5,8,True
1986,inventory:1986,17,771,11,7,0.5,4,True
1987,inventory:1987,17,768,12,6,0.5,7,True
1988,inventory:1988,17,743,8,5,0.5,9,True
1989,inventory:1989,17,730,9,5,0.5,4,True
1990,inventory:1990,17,728,7,6,0.5,3,True
1991,inventory:1991,17,725,10,7,0.5,9,True
1992,inventory:1992,17,724,9,7,0.5,8,True
1993,inventory:1993,17,715,5,5,0.5,8,True
1994,inventory:1994,17,705,3,5,0.5,8,True
1995,inventory:1995,17,703,8,5,0.5,6,True
1996,inventory:1996,17,691,3,5,0.5,3,True
1997,inventory:1997,17,677,14,6,0.5,9,True
1998,inventory:1998,17,671,3,6,0.5,8,True
1999,inventory:1999,17,666,3,6,0.5,7,True
2000,inventory:2000,17,652,12,7,0.5,3,True
2001,inventory:2001,17,647,10,6,0.5,8,True
2002,inventory:2002,17,646,12,5,0.5,4,True
2003,inventory:2003,17,1361,3,5,0.5,5,True
2004,inventory:2004,17,1073,14,6,0.5,9,True
2005,inventory:2005,17,1059,14,6,0.5,9,True
2006,inventory:2006,17,1014,8,7,0.5,4,True
2007,inventory:2007,18,1360,3,4,0.5,7,True
2008,inventory:2008,18,365,30,34,3.34,5,True
2009,inventory:2009,18,627,26,21,1.47,9,True
2010,inventory:2010,18,502,47,36,2.96,5,True
2011,inventory:2011,18,278,4,5,0.5,3,True
2012,inventory:2012,18,249,4,5,0.5,4,True
2013,inventory:2013,18,191,34,15,1.68,3,True
2014,inventory:2014,18,917,4,4,0.5,6,True
2015,inventory:2015,18,828,7,5,0.5,6,True
2016,inventory:2016,18,642,7,4,0.5,7,True
2017,inventory:2017,18,818,9,6,0.5,6,True
2018,inventory:2018,18,825,7,6,0.5,3,True
2019,inventory:2019,18,306,3,6,0.5,4,True
2020,inventory:2020,18,977,9,5,0.5,9,True
2021,inventory:2021,18,44,7,4,0.5,3,True
2022,inventory:2022,18,251,10,5,0.5,8,True
2023,inventory:2023,18,403,20,15,1.07,9,True
2024,inventory:2024,18,957,10,6,0.64,6,True
2025,inventory:2025,18,1352,6,6,0.5,7,True
2026,inventory:2026,18,1349,3,4,0.5,4,True
2027,inventory:2027,18,1351,9,4,0.5,4,True
2028,inventory:2028,18,60,6,4,0.5,6,True
2029,inventory:2029,18,24,7,5,0.5,9,True
2030,inventory:2030,18,567,6,6,0.5,3,True
2031,inventory:2031,18,893,13,7,0.5,6,True
2032,inventory:2032,18,924,17,7,0.5,7,True
2033,inventory:2033,18,905,11,7,0.5,5,True
2034,inventory:2034,18,564,11,6,0.5,3,True
2035,inventory:2035,18,885,8,7,0.5,8,True
2036,inventory:2036,18,1363,6,6,0.5,7,True
2037,inventory:2037,18,1353,14,7,0.5,7,True
2038,inventory:2038,18,1357,7,5,0.5,6,True
2039,inventory:2039,18,906,5,5,0.5,5,True
2040,inventory:2040,18,886,7,7,0.5,3,True
2041,inventory:2041,18,926,9,5,0.5,9,True
2042,inventory:2042,18,116,11,6,0.5,7,True
2043,inventory:2043,18,235,13,6,0.5,7,True
2044,inventory:2044,18,273,3,6,0.5,9,True
2045,inventory:2045,18,282,8,6,0.5,4,True
2046,inventory:2046,18,359,10,6,0.5,9,True
2047,inventory:2047,18,565,13,7,0.5,5,True
2048,inventory:2048,18,572,13,7,0.5,8,True
2049,inventory:2049,18,804,14,6,0.5,9,True
2050,inventory:2050,18,822,7,4,0.5,5,True
2051,inventory:2051,18,835,6,6,0.5,8,True
2052,inventory:2052,18,276,7,6,0.5,4,True
2053,inventory:2053,18,823,4,5,0.5,9,True
2054,inventory:2054,18,203,7,6,0.5,7,True
2055,inventory:2055,18,364,9,6,0.5,3,True
2056,inventory:2056,18,1350,8,5,0.5,8,True
2057,inventory:2057,18,897,8,7,0.5,6,True
2058,inventory:2058,18,37,12,5,0.5,5,True
2059,inventory:2059,18,172,8,4,0.5,6,True
2060,inventory:2060,18,810,10,5,0.5,3,True
2061,inventory:2061,18,821,17,7,0.5,7,True
2062,inventory:2062,18,93,10,5,0.5,9,True
2063,inventory:2063,18,1347,10,6,0.5,5,True
2064,inventory:2064,18,305,2,4,0.5,6,True
2065,inventory:2065,18,1004,7,7,0.83,3,True
2066,inventory:2066,18,1346,10,7,0.5,8,True
2067,inventory:2067,18,58,13,7,0.5,8,True
2068,inventory:2068,18,311,11,5,0.5,6,True
2069,inventory:2069,18,303,16,7,0.5,8,True
2070,inventory:2070,18,1354,9,6,0.5,3,True
2071,inventory:2071,18,1348,12,6,0.5,9,True
2072,inventory:2072,18,78,2,4,0.5,7,True
2073,inventory:2073,18,258,9,4,0.5,6,True
2074,inventory:2074,18,797,7,4,0.5,8,True
2075,inventory:2075,18,981,8,7,0.5,4,True
2076,inventory:2076,18,1355,2,4,0.5,3,True
2077,inventory:2077,18,135,17,7,0.5,6,True
2078,inventory:2078,18,134,7,5,0.5,7,True
2079,inventory:2079,18,845,10,6,0.5,3,True
2080,inventory:2080,18,982,8,5,0.5,9,True
2081,inventory:2081,18,625,3,4,0.5,9,True
2082,inventory:2082,18,1359,3,5,0.5,6,True
2083,inventory:2083,18,1356,4,6,0.5,4,True
2084,inventory:2084,18,607,15,7,0.5,4,True
2085,inventory:2085,18,1358,5,6,0.5,9,True
2086,inventory:2086,18,1362,3,4,0.5,3,True
2087,inventory:2087,18,295,8,7,0.5,9,True
2088,inventory:2088,18,127,7,5,0.5,6,True
2089,inventory:2089,18,61,6,7,0.5,5,True
2090,inventory:2090,18,35,6,5,0.5,3,True
2091,inventory:2091,18,858,11,5,0.5,3,True
2092,inventory:2092,18,860,6,4,0.5,5,True
2093,inventory:2093,18,216,2,5,0.5,5,True
2094,inventory:2094,18,19,3,5,0.5,5,True
2095,inventory:2095,18,226,13,7,0.5,5,True
2096,inventory:2096,18,208,9,7,0.5,3,True
2097,inventory:2097,18,793,5,6,0.5,7,True
2098,inventory:2098,18,792,7,5,0.5,4,True
2099,inventory:2099,18,786,5,6,0.5,8,True
2100,inventory:2100,18,778,5,7,0.5,4,True
2101,inventory:2101,18,777,15,7,0.5,9,True
2102,inventory:2102,18,775,6,7,0.5,9,True
2103,inventory:2103,18,773,13,7,0.5,7,True
2104,inventory:2104,18,771,4,5,0.5,9,True
2105,inventory:2105,18,768,9,6,0.5,5,True
2106,inventory:2106,18,743,14,7,0.5,9,True
2107,inventory:2107,18,730,7,5,0.5,7,True
2108,inventory:2108,18,728,4,5,0.5,8,True
2109,inventory:2109,18,725,5,5,0.5,3,True
2110,inventory:2110,18,724,3,6,0.5,8,True
2111,inventory:2111,18,715,7,4,0.5,4,True
2112,inventory:2112,18,705,7,6,0.5,6,True
2113,inventory:2113,18,703,11,7,0.5,4,True
2114,inventory:2114,18,691,9,6,0.5,8,True
2115,inventory:2115,18,677,8,7,0.5,8,True
2116,inventory:2116,18,671,5,6,0.5,5,True
2117,inventory:2117,18,666,2,5,0.5,7,True
2118,inventory:2118,18,652,15,7,0.5,4,True
2119,inventory:2119,18,647,7,7,0.5,5,True
2120,inventory:2120,18,646,13,6,0.5,6,True
2121,inventory:2121,18,1361,10,6,0.5,5,True
2122,inventory:2122,18,1073,8,6,0.75,3,True
2123,inventory:2123,18,1059,4,6,0.5,5,True
2124,inventory:2124,18,1014,46,24,2.72,8,True
2125,inventory:2125,19,1360,9,5,0.5,4,True
2126,inventory:2126,19,365,20,30,2.38,8,True
2127,inventory:2127,19,627,14,12,0.92,8,True
2128,inventory:2128,19,502,50,26,2.07,5,True
2129,inventory:2129,19,278,11,6,0.5,7,True
2130,inventory:2130,19,249,11,7,0.5,9,True
2131,inventory:2131,19,191,28,13,1.02,8,True
2132,inventory:2132,19,917,6,7,0.5,3,True
2133,inventory:2133,19,828,8,6,0.5,4,True
2134,inventory:2134,19,642,12,6,0.5,3,True
2135,inventory:2135,19,818,9,5,0.5,9,True
2136,inventory:2136,19,825,7,5,0.5,6,True
2137,inventory:2137,19,306,9,6,0.5,3,True
2138,inventory:2138,19,977,12,7,0.5,8,True
2139,inventory:2139,19,44,2,4,0.5,5,True
2140,inventory:2140,19,251,16,7,0.5,7,True
2141,inventory:2141,19,403,9,7,0.73,5,True
2142,inventory:2142,19,957,7,6,0.5,4,True
2143,inventory:2143,19,1352,5,5,0.5,3,True
2144,inventory:2144,19,1349,4,5,0.5,6,True
2145,inventory:2145,19,1351,6,6,0.5,7,True
2146,inventory:2146,19,60,8,6,0.5,5,True
2147,inventory:2147,19,24,5,7,0.5,8,True
2148,inventory:2148,19,567,13,7,0.5,8,True
2149,inventory:2149,19,893,5,5,0.5,7,True
2150,inventory:2150,19,924,9,4,0.5,9,True
2151,inventory:2151,19,905,7,5,0.5,7,True
2152,inventory:2152,19,564,3,4,0.5,5,True
2153,inventory:2153,19,885,12,6,0.5,7,True
2154,inventory:2154,19,1363,10,6,0.5,6,True
2155,inventory:2155,19,1353,7,4,0.5,8,True
2156,inventory:2156,19,1357,7,7,0.5,4,True
2157,inventory:2157,19,906,4,5,0.5,4,True
2158,inventory:2158,19,886,4,6,0.5,6,True
2159,inventory:2159,19,926,2,4,0.5,7,True
2160,inventory:2160,19,116,4,5,0.5,8,True
2161,inventory:2161,19,235,4,5,0.5,9,True
2162,inventory:2162,19,273,6,5,0.5,8,True
2163,inventory:2163,19,282,8,7,0.5,7,True
2164,inventory:2164,19,359,8,6,0.5,5,True
2165,inventory:2165,19,565,6,6,0.5,8,True
2166,inventory:2166,19,572,12,6,0.5,3,True
2167,inventory:2167,19,804,15,7,0.5,6,True
2168,inventory:2168,19,822,10,5,0.5,9,True
2169,inventory:2169,19,835,9,6,0.5,7,True
2170,inventory:2170,19,276,12,7,0.5,7,True
2171,inventory:2171,19,823,5,4,0.5,6,True
2172,inventory:2172,19,203,13,7,0.5,5,True
2173,inventory:2173,19,364,15,7,0.5,3,True
2174,inventory:2174,19,1350,3,6,0.5,8,True
2175,inventory:2175,19,897,4,4,0.5,6,True
2176,inventory:2176,19,37,13,6,0.5,7,True
2177,inventory:2177,19,172,16,7,0.5,5,True
2178,inventory:2178,19,810,3,4,0.5,8,True
2179,inventory:2179,19,821,8,7,0.5,7,True
2180,inventory:2180,19,93,10,6,0.5,6,True
2181,inventory:2181,19,1347,4,7,0.5,8,True
2182,inventory:2182,19,305,3,5,0.5,4,True
2183,inventory:2183,19,1004,16,8,0.54,9,True
2184,inventory:2184,19,1346,6,4,0.5,9,True
2185,inventory:2185,19,58,5,5,0.5,4,True
2186,inventory:2186,19,311,5,7,0.5,6,True
2187,inventory:2187,19,303,13,7,0.5,7,True
2188,inventory:2188,19,1354,9,4,0.5,5,True
2189,inventory:2189,19,1348,10,6,0.5,7,True
2190,inventory:2190,19,78,10,7,0.5,5,True
2191,inventory:2191,19,258,3,6,0.5,6,True
2192,inventory:2192,19,797,5,7,0.5,4,True
2193,inventory:2193,19,981,5,5,0.5,5,True
2194,inventory:2194,19,1355,8,5,0.5,5,True
2195,inventory:2195,19,135,11,5,0.5,5,True
2196,inventory:2196,19,134,9,7,0.5,7,True
2197,inventory:2197,19,845,2,4,0.5,5,True
2198,inventory:2198,19,982,11,5,0.5,8,True
2199,inventory:2199,19,625,12,5,0.5,8,True
2200,inventory:2200,19,1359,6,6,0.5,7,True
2201,inventory:2201,19,1356,11,5,0.5,5,True
2202,inventory:2202,19,607,9,5,0.5,6,True
2203,inventory:2203,19,1358,12,7,0.5,5,True
2204,inventory:2204,19,1362,4,6,0.5,7,True
2205,inventory:2205,19,295,6,6,0.5,9,True
2206,inventory:2206,19,127,4,7,0.5,5,True
2207,inventory:2207,19,61,7,6,0.5,5,True
2208,inventory:2208,19,35,6,6,0.5,5,True
2209,inventory:2209,19,858,3,4,0.5,3,True
2210,inventory:2210,19,860,11,7,0.5,3,True
2211,inventory:2211,19,216,9,5,0.5,6,True
2212,inventory:2212,19,19,4,4,0.5,5,True
2213,inventory:2213,19,226,12,6,0.5,7,True
2214,inventory:2214,19,208,15,7,0.5,5,True
2215,inventory:2215,19,793,3,4,0.5,4,True
2216,inventory:2216,19,792,16,7,0.5,9,True
2217,inventory:2217,19,786,10,5,0.5,9,True
2218,inventory:2218,19,778,12,6,0.5,5,True
2219,inventory:2219,19,777,3,5,0.5,6,True
2220,inventory:2220,19,775,9,7,0.5,5,True
2221,inventory:2221,19,773,6,5,0.5,5,True
2222,inventory:2222,19,771,4,7,0.5,6,True
2223,inventory:2223,19,768,11,7,0.5,3,True
2224,inventory:2224,19,743,2,4,0.5,6,True
2225,inventory:2225,19,730,2,5,0.5,4,True
2226,inventory:2226,19,728,9,5,0.5,9,True
2227,inventory:2227,19,725,8,7,0.5,8,True
2228,inventory:2228,19,724,12,5,0.5,4,True
2229,inventory:2229,19,715,6,6,0.5,8,True
2230,inventory:2230,19,705,7,5,0.5,4,True
2231,inventory:2231,19,703,9,4,0.5,6,True
2232,inventory:2232,19,691,10,6,0.5,6,True
2233,inventory:2233,19,677,13,7,0.5,4,True
2234,inventory:2234,19,671,6,4,0.5,7,True
2235,inventory:2235,19,666,6,7,0.5,7,True
2236,inventory:2236,19,652,9,7,0.5,4,True
2237,inventory:2237,19,647,3,4,0.5,3,True
2238,inventory:2238,19,646,7,5,0.5,4,True
2239,inventory:2239,19,1361,12,5,0.5,8,True
2240,inventory:2240,19,1073,8,5,0.5,9,True
2241,inventory:2241,19,1059,12,7,0.5,9,True
2242,inventory:2242,19,1014,16,22,1.81,9,True
2243,inventory:2243,20,1360,4,6,0.5,3,True
2244,inventory:2244,20,365,13,14,1.42,5,True
2245,inventory:2245,20,627,17,8,0.6,9,True
2246,inventory:2246,20,502,12,16,1.3,8,True
2247,inventory:2247,20,278,10,6,0.5,3,True
2248,inventory:2248,20,249,7,5,0.5,5,True
2249,inventory:2249,20,191,7,7,0.71,6,True
2250,inventory:2250,20,917,8,5,0.5,8,True
2251,inventory:2251,20,828,11,6,0.5,9,True
2252,inventory:2252,20,642,5,7,0.5,5,True
2253,inventory:2253,20,818,9,6,0.5,7,True
2254,inventory:2254,20,825,9,4,0.5,7,True
2255,inventory:2255,20,306,3,4,0.5,9,True
2256,inventory:2256,20,977,10,5,0.5,4,True
2257,inventory:2257,20,44,10,5,0.5,7,True
2258,inventory:2258,20,251,7,5,0.5,5,True
2259,inventory:2259,20,403,8,6,0.5,5,True
2260,inventory:2260,20,957,6,5,0.5,5,True
2261,inventory:2261,20,1352,13,6,0.5,9,True
2262,inventory:2262,20,1349,12,6,0.5,5,True
2263,inventory:2263,20,1351,7,7,0.5,5,True
2264,inventory:2264,20,60,3,4,0.5,3,True
2265,inventory:2265,20,24,17,7,0.5,3,True
2266,inventory:2266,20,567,5,7,0.5,3,True
2267,inventory:2267,20,893,8,7,0.5,9,True
2268,inventory:2268,20,924,10,6,0.5,6,True
2269,inventory:2269,20,905,11,6,0.5,3,True
2270,inventory:2270,20,564,6,5,0.5,9,True
2271,inventory:2271,20,885,17,7,0.5,6,True
2272,inventory:2272,20,1363,12,7,0.5,3,True
2273,inventory:2273,20,1353,9,6,0.5,7,True
2274,inventory:2274,20,1357,7,4,0.5,6,True
2275,inventory:2275,20,906,13,6,0.5,8,True
2276,inventory:2276,20,886,7,6,0.5,7,True
2277,inventory:2277,20,926,4,4,0.5,3,True
2278,inventory:2278,20,116,5,6,0.5,5,True
2279,inventory:2279,20,235,10,5,0.5,4,True
2280,inventory:2280,20,273,8,7,0.5,9,True
2281,inventory:2281,20,282,2,4,0.5,4,True
2282,inventory:2282,20,359,2,5,0.5,4,True
2283,inventory:2283,20,565,10,7,0.5,5,True
2284,inventory:2284,20,572,5,7,0.5,4,True
2285,inventory:2285,20,804,8,7,0.5,4,True
2286,inventory:2286,20,822,14,6,0.5,6,True
2287,inventory:2287,20,835,7,5,0.5,6,True
2288,inventory:2288,20,276,2,4,0.5,7,True
2289,inventory:2289,20,823,12,7,0.5,3,True
2290,inventory:2290,20,203,4,5,0.5,7,True
2291,inventory:2291,20,364,7,7,0.5,7,True
2292,inventory:2292,20,1350,11,5,0.5,4,True
2293,inventory:2293,20,897,7,7,0.5,9,True
2294,inventory:2294,20,37,5,4,0.5,3,True
2295,inventory:2295,20,172,4,7,0.5,5,True
2296,inventory:2296,20,810,13,6,0.5,5,True
2297,inventory:2297,20,821,14,6,0.5,9,True
2298,inventory:2298,20,93,4,4,0.5,3,True
2299,inventory:2299,20,1347,16,7,0.5,3,True
2300,inventory:2300,20,305,2,4,0.5,8,True
2301,inventory:2301,20,1004,10,5,0.5,5,True
2302,inventory:2302,20,1346,10,5,0.5,5,True
2303,inventory:2303,20,58,3,5,0.5,6,True
2304,inventory:2304,20,311,12,7,0.5,5,True
2305,inventory:2305,20,303,11,5,0.5,6,True
2306,inventory:2306,20,1354,14,7,0.5,4,True
2307,inventory:2307,20,1348,7,7,0.5,7,True
2308,inventory:2308,20,78,7,6,0.5,5,True
2309,inventory:2309,20,258,17,7,0.5,7,True
2310,inventory:2310,20,797,9,6,0.5,6,True
2311,inventory:2311,20,981,14,7,0.5,9,True
2312,inventory:2312,20,1355,4,4,0.5,8,True
2313,inventory:2313,20,135,13,7,0.5,9,True
2314,inventory:2314,20,134,7,6,0.5,4,True
2315,inventory:2315,20,845,7,7,0.5,5,True
2316,inventory:2316,20,982,11,6,0.5,9,True
2317,inventory:2317,20,625,9,5,0.5,8,True
2318,inventory:2318,20,1359,3,4,0.5,9,True
2319,inventory:2319,20,1356,9,4,0.5,5,True
2320,inventory:2320,20,607,4,7,0.5,5,True
2321,inventory:2321,20,1358,11,6,0.5,8,True
2322,inventory:2322,20,1362,11,7,0.5,5,True
2323,inventory:2323,20,295,5,4,0.5,3,True
2324,inventory:2324,20,127,11,7,0.5,6,True
2325,inventory:2325,20,61,9,4,0.5,5,True
2326,inventory:2326,20,35,9,5,0.5,8,True
2327,inventory:2327,20,858,3,5,0.5,7,True
2328,inventory:2328,20,860,5,5,0.5,9,True
2329,inventory:2329,20,216,6,7,0.5,7,True
2330,inventory:2330,20,19,3,6,0.5,6,True
2331,inventory:2331,20,226,14,7,0.5,4,True
2332,inventory:2332,20,208,5,7,0.5,6,True
2333,inventory:2333,20,793,12,5,0.5,6,True
2334,inventory:2334,20,792,14,6,0.5,6,True
2335,inventory:2335,20,786,12,6,0.5,4,True
2336,inventory:2336,20,778,8,5,0.5,7,True
2337,inventory:2337,20,777,5,7,0.5,6,True
2338,inventory:2338,20,775,9,7,0.5,5,True
2339,inventory:2339,20,773,6,6,0.5,6,True
2340,inventory:2340,20,771,16,7,0.5,6,True
2341,inventory:2341,20,768,12,7,0.5,9,True
2342,inventory:2342,20,743,13,6,0.5,8,True
2343,inventory:2343,20,730,10,7,0.5,3,True
2344,inventory:2344,20,728,7,6,0.5,5,True
2345,inventory:2345,20,725,5,4,0.5,5,True
2346,inventory:2346,20,724,4,5,0.5,5,True
2347,inventory:2347,20,715,6,6,0.5,4,True
2348,inventory:2348,20,705,5,7,0.5,4,True
2349,inventory:2349,20,703,7,5,0.5,7,True
2350,inventory:2350,20,691,10,6,0.5,3,True
2351,inventory:2351,20,677,5,6,0.5,5,True
2352,inventory:2352,20,671,7,6,0.5,5,True
2353,inventory:2353,20,666,12,6,0.5,7,True
2354,inventory:2354,20,652,4,5,0.5,4,True
2355,inventory:2355,20,647,6,4,0.5,4,True
2356,inventory:2356,20,646,14,7,0.5,6,True
2357,inventory:2357,20,1361,11,5,0.5,6,True
2358,inventory:2358,20,1073,5,4,0.5,8,True
2359,inventory:2359,20,1059,3,5,0.5,8,True
2360,inventory:2360,20,1014,18,11,1.16,5,True
2361,inventory:2361,21,1360,8,6,0.5,4,True
2362,inventory:2362,21,365,22,23,2.44,3,True
2363,inventory:2363,21,627,19,10,0.94,8,True
2364,inventory:2364,21,502,14,21,2.03,3,True
2365,inventory:2365,21,278,8,6,0.5,6,True
2366,inventory:2366,21,249,16,7,0.5,4,True
2367,inventory:2367,21,191,20,13,1.11,8,True
2368,inventory:2368,21,917,6,6,0.5,6,True
2369,inventory:2369,21,828,7,7,0.5,8,True
2370,inventory:2370,21,642,15,7,0.5,9,True
2371,inventory:2371,21,818,5,7,0.5,5,True
2372,inventory:2372,21,825,4,4,0.5,6,True
2373,inventory:2373,21,306,11,5,0.5,6,True
2374,inventory:2374,21,977,5,5,0.5,6,True
2375,inventory:2375,21,44,7,4,0.5,7,True
2376,inventory:2376,21,251,12,5,0.5,9,True
2377,inventory:2377,21,403,4,6,0.73,7,True
2378,inventory:2378,21,957,9,4,0.5,5,True
2379,inventory:2379,21,1352,4,5,0.5,7,True
2380,inventory:2380,21,1349,6,7,0.5,6,True
2381,inventory:2381,21,1351,7,7,0.5,7,True
2382,inventory:2382,21,60,5,6,0.5,4,True
2383,inventory:2383,21,24,13,7,0.5,5,True
2384,inventory:2384,21,567,11,7,0.5,9,True
2385,inventory:2385,21,893,9,6,0.5,4,True
2386,inventory:2386,21,924,6,5,0.5,9,True
2387,inventory:2387,21,905,6,7,0.5,7,True
2388,inventory:2388,21,564,8,7,0.5,3,True
2389,inventory:2389,21,885,10,5,0.5,4,True
2390,inventory:2390,21,1363,7,5,0.5,3,True
2391,inventory:2391,21,1353,12,6,0.5,4,True
2392,inventory:2392,21,1357,11,5,0.5,9,True
2393,inventory:2393,21,906,6,4,0.5,3,True
2394,inventory:2394,21,886,6,6,0.5,8,True
2395,inventory:2395,21,926,8,5,0.5,6,True
2396,inventory:2396,21,116,14,6,0.5,7,True
2397,inventory:2397,21,235,9,6,0.5,6,True
2398,inventory:2398,21,273,5,5,0.5,6,True
2399,inventory:2399,21,282,10,5,0.5,9,True
2400,inventory:2400,21,359,10,5,0.5,7,True
2401,inventory:2401,21,565,13,7,0.5,4,True
2402,inventory:2402,21,572,7,4,0.5,5,True
2403,inventory:2403,21,804,5,5,0.5,7,True
2404,inventory:2404,21,822,13,7,0.5,5,True
2405,inventory:2405,21,835,7,7,0.5,5,True
2406,inventory:2406,21,276,6,4,0.5,7,True
2407,inventory:2407,21,823,7,5,0.5,3,True
2408,inventory:2408,21,203,4,5,0.5,3,True
2409,inventory:2409,21,364,13,6,0.5,7,True
2410,inventory:2410,21,1350,8,6,0.5,3,True
2411,inventory:2411,21,897,6,7,0.5,4,True
2412,inventory:2412,21,37,10,5,0.5,3,True
2413,inventory:2413,21,172,3,6,0.5,8,True
2414,inventory:2414,21,810,5,4,0.5,3,True
2415,inventory:2415,21,821,3,6,0.5,8,True
2416,inventory:2416,21,93,8,5,0.5,7,True
2417,inventory:2417,21,1347,2,4,0.5,7,True
2418,inventory:2418,21,305,3,5,0.5,6,True
2419,inventory:2419,21,1004,8,5,0.54,6,True
2420,inventory:2420,21,1346,17,7,0.5,6,True
2421,inventory:2421,21,58,2,5,0.5,9,True
2422,inventory:2422,21,311,9,5,0.5,3,True
2423,inventory:2423,21,303,5,5,0.5,3,True
2424,inventory:2424,21,1354,9,5,0.5,6,True
2425,inventory:2425,21,1348,13,6,0.5,7,True
2426,inventory:2426,21,78,3,4,0.5,9,True
2427,inventory:2427,21,258,10,6,0.5,5,True
2428,inventory:2428,21,797,9,4,0.5,9,True
2429,inventory:2429,21,981,8,5,0.5,5,True
2430,inventory:2430,21,1355,12,7,0.5,6,True
2431,inventory:2431,21,135,8,5,0.5,9,True
2432,inventory:2432,21,134,10,7,0.5,4,True
2433,inventory:2433,21,845,5,7,0.5,5,True
2434,inventory:2434,21,982,11,5,0.5,9,True
2435,inventory:2435,21,625,15,7,0.5,9,True
2436,inventory:2436,21,1359,9,4,0.5,5,True
2437,inventory:2437,21,1356,7,6,0.5,5,True
2438,inventory:2438,21,607,11,7,0.5,3,True
2439,inventory:2439,21,1358,4,5,0.5,8,True
2440,inventory:2440,21,1362,3,6,0.5,4,True
2441,inventory:2441,21,295,8,5,0.5,7,True
2442,inventory:2442,21,127,3,4,0.5,4,True
2443,inventory:2443,21,61,4,5,0.5,7,True
2444,inventory:2444,21,35,4,5,0.5,3,True
2445,inventory:2445,21,858,6,5,0.5,7,True
2446,inventory:2446,21,860,9,6,0.5,6,True
2447,inventory:2447,21,216,11,5,0.5,7,True
2448,inventory:2448,21,19,5,5,0.5,6,True
2449,inventory:2449,21,226,10,6,0.5,9,True
2450,inventory:2450,21,208,4,7,0.5,7,True
2451,inventory:2451,21,793,7,6,0.5,8,True
2452,inventory:2452,21,792,3,5,0.5,5,True
2453,inventory:2453,21,786,4,4,0.5,9,True
2454,inventory:2454,21,778,11,6,0.5,6,True
2455,inventory:2455,21,777,10,7,0.5,4,True
2456,inventory:2456,21,775,4,7,0.5,5,True
2457,inventory:2457,21,773,4,6,0.5,3,True
2458,inventory:2458,21,771,3,6,0.5,4,True
2459,inventory:2459,21,768,15,7,0.5,8,True
2460,inventory:2460,21,743,16,7,0.5,5,True
2461,inventory:2461,21,730,11,5,0.5,6,True
2462,inventory:2462,21,728,17,7,0.5,7,True
2463,inventory:2463,21,725,11,5,0.5,8,True
2464,inventory:2464,21,724,12,7,0.5,6,True
2465,inventory:2465,21,715,14,6,0.5,9,True
2466,inventory:2466,21,705,8,4,0.5,6,True
2467,inventory:2467,21,703,3,5,0.5,3,True
2468,inventory:2468,21,691,5,6,0.5,7,True
2469,inventory:2469,21,677,13,6,0.5,9,True
2470,inventory:2470,21,671,2,5,0.5,8,True
2471,inventory:2471,21,666,9,6,0.5,8,True
2472,inventory:2472,21,652,15,7,0.5,4,True
2473,inventory:2473,21,647,13,7,0.5,7,True
2474,inventory:2474,21,646,7,6,0.5,4,True
2475,inventory:2475,21,1361,10,5,0.5,3,True
2476,inventory:2476,21,1073,6,6,0.5,7,True
2477,inventory:2477,21,1059,5,5,0.5,7,True
2478,inventory:2478,21,1014,33,25,1.82,6,True
2479,inventory:2479,22,1360,7,6,0.5,4,True
2480,inventory:2480,22,365,99,41,3.33,9,True
2481,inventory:2481,22,627,18,15,1.34,7,True
2482,inventory:2482,22,502,33,29,2.61,6,True
2483,inventory:2483,22,278,9,7,0.5,3,True
2484,inventory:2484,22,249,4,6,0.5,4,True
2485,inventory:2485,22,191,17,13,1.51,8,True
2486,inventory:2486,22,917,9,7,0.5,5,True
2487,inventory:2487,22,828,9,5,0.5,9,True
2488,inventory:2488,22,642,11,7,0.5,6,True
2489,inventory:2489,22,818,10,5,0.5,7,True
2490,inventory:2490,22,825,13,7,0.5,8,True
2491,inventory:2491,22,306,9,6,0.5,9,True
2492,inventory:2492,22,977,9,5,0.5,6,True
2493,inventory:2493,22,44,5,6,0.5,9,True
2494,inventory:2494,22,251,12,6,0.5,6,True
2495,inventory:2495,22,403,6,8,0.95,9,True
2496,inventory:2496,22,957,4,6,0.56,4,True
2497,inventory:2497,22,1352,7,5,0.5,9,True
2498,inventory:2498,22,1349,6,5,0.5,8,True
2499,inventory:2499,22,1351,3,6,0.5,9,True
2500,inventory:2500,22,60,12,5,0.5,7,True
2501,inventory:2501,22,24,8,5,0.5,9,True
2502,inventory:2502,22,567,6,4,0.5,8,True
2503,inventory:2503,22,893,16,7,0.5,3,True
2504,inventory:2504,22,924,7,5,0.5,4,True
2505,inventory:2505,22,905,3,5,0.5,3,True
2506,inventory:2506,22,564,12,5,0.5,6,True
2507,inventory:2507,22,885,4,7,0.5,3,True
2508,inventory:2508,22,1363,8,6,0.5,4,True
2509,inventory:2509,22,1353,4,5,0.5,9,True
2510,inventory:2510,22,1357,13,7,0.5,4,True
2511,inventory:2511,22,906,4,4,0.5,7,True
2512,inventory:2512,22,886,11,7,0.5,5,True
2513,inventory:2513,22,926,5,5,0.5,7,True
2514,inventory:2514,22,116,13,7,0.5,9,True
2515,inventory:2515,22,235,11,7,0.5,3,True
2516,inventory:2516,22,273,6,5,0.5,5,True
2517,inventory:2517,22,282,8,5,0.5,8,True
2518,inventory:2518,22,359,5,6,0.5,9,True
2519,inventory:2519,22,565,6,5,0.5,9,True
2520,inventory:2520,22,572,10,6,0.5,9,True
2521,inventory:2521,22,804,13,6,0.5,6,True
2522,inventory:2522,22,822,15,7,0.5,8,True
2523,inventory:2523,22,835,8,5,0.5,4,True
2524,inventory:2524,22,276,8,4,0.5,5,True
2525,inventory:2525,22,823,5,5,0.5,5,True
2526,inventory:2526,22,203,5,5,0.5,8,True
2527,inventory:2527,22,364,6,6,0.5,7,True
2528,inventory:2528,22,1350,10,5,0.5,9,True
2529,inventory:2529,22,897,9,6,0.5,3,True
2530,inventory:2530,22,37,13,6,0.5,4,True
2531,inventory:2531,22,172,15,7,0.5,7,True
2532,inventory:2532,22,810,4,5,0.5,4,True
2533,inventory:2533,22,821,8,5,0.5,5,True
2534,inventory:2534,22,93,4,5,0.5,9,True
2535,inventory:2535,22,1347,11,6,0.5,5,True
2536,inventory:2536,22,305,6,7,0.5,4,True
2537,inventory:2537,22,1004,20,11,0.74,5,True
2538,inventory:2538,22,1346,9,6,0.5,4,True
2539,inventory:2539,22,58,12,7,0.5,3,True
2540,inventory:2540,22,311,9,6,0.5,4,True
2541,inventory:2541,22,303,10,5,0.5,5,True
2542,inventory:2542,22,1354,3,6,0.5,6,True
2543,inventory:2543,22,1348,8,7,0.5,5,True
2544,inventory:2544,22,78,8,5,0.5,5,True
2545,inventory:2545,22,258,13,6,0.5,8,True
2546,inventory:2546,22,797,9,4,0.5,8,True
2547,inventory:2547,22,981,10,6,0.5,9,True
2548,inventory:2548,22,1355,6,5,0.5,9,True
2549,inventory:2549,22,135,9,4,0.5,4,True
2550,inventory:2550,22,134,8,5,0.5,9,True
2551,inventory:2551,22,845,6,5,0.5,5,True
2552,inventory:2552,22,982,8,5,0.5,5,True
2553,inventory:2553,22,625,14,6,0.5,9,True
2554,inventory:2554,22,1359,10,6,0.5,4,True
2555,inventory:2555,22,1356,8,4,0.5,4,True
2556,inventory:2556,22,607,7,6,0.5,8,True
2557,inventory:2557,22,1358,10,5,0.5,8,True
2558,inventory:2558,22,1362,11,5,0.5,4,True
2559,inventory:2559,22,295,7,4,0.5,4,True
2560,inventory:2560,22,127,11,5,0.5,6,True
2561,inventory:2561,22,61,4,5,0.5,7,True
2562,inventory:2562,22,35,12,7,0.5,9,True
2563,inventory:2563,22,858,9,4,0.5,9,True
2564,inventory:2564,22,860,11,6,0.5,8,True
2565,inventory:2565,22,216,9,4,0.5,5,True
2566,inventory:2566,22,19,8,7,0.5,3,True
2567,inventory:2567,22,226,4,5,0.5,9,True
2568,inventory:2568,22,208,5,4,0.5,3,True
2569,inventory:2569,22,793,3,5,0.5,3,True
2570,inventory:2570,22,792,15,7,0.5,3,True
2571,inventory:2571,22,786,10,5,0.5,7,True
2572,inventory:2572,22,778,10,5,0.5,3,True
2573,inventory:2573,22,777,3,5,0.5,6,True
2574,inventory:2574,22,775,16,7,0.5,9,True
2575,inventory:2575,22,773,16,7,0.5,7,True
2576,inventory:2576,22,771,9,5,0.5,8,True
2577,inventory:2577,22,768,4,6,0.5,5,True
2578,inventory:2578,22,743,13,7,0.5,9,True
2579,inventory:2579,22,730,6,5,0.5,4,True
2580,inventory:2580,22,728,16,7,0.5,8,True
2581,inventory:2581,22,725,10,6,0.5,5,True
2582,inventory:2582,22,724,7,5,0.5,7,True
2583,inventory:2583,22,715,6,5,0.5,3,True
2584,inventory:2584,22,705,8,7,0.5,8,True
2585,inventory:2585,22,703,16,7,0.5,4,True
2586,inventory:2586,22,691,3,6,0.5,6,True
2587,inventory:2587,22,677,9,5,0.5,7,True
2588,inventory:2588,22,671,2,5,0.5,3,True
2589,inventory:2589,22,666,7,6,0.5,5,True
2590,inventory:2590,22,652,7,5,0.5,8,True
2591,inventory:2591,22,647,7,4,0.5,8,True
2592,inventory:2592,22,646,7,6,0.5,3,True
2593,inventory:2593,22,1361,7,7,0.5,9,True
2594,inventory:2594,22,1073,5,5,0.66,9,True
2595,inventory:2595,22,1059,14,6,0.5,4,True
2596,inventory:2596,22,1014,34,31,2.31,8,True
2597,inventory:2597,23,1360,6,4,0.5,6,True
2598,inventory:2598,23,365,178,75,10.0,6,True
2599,inventory:2599,23,627,72,38,4.47,9,True
2600,inventory:2600,23,502,201,96,8.68,8,True
2601,inventory:2601,23,278,8,5,0.5,6,True
2602,inventory:2602,23,249,6,4,0.5,4,True
2603,inventory:2603,23,191,131,61,5.11,4,True
2604,inventory:2604,23,917,5,4,0.5,5,True
2605,inventory:2605,23,828,8,5,0.5,8,True
2606,inventory:2606,23,642,7,6,0.5,6,True
2607,inventory:2607,23,818,10,6,0.5,8,True
2608,inventory:2608,23,825,2,4,0.5,3,True
2609,inventory:2609,23,306,15,7,0.5,3,True
2610,inventory:2610,23,977,6,7,0.5,6,True
2611,inventory:2611,23,44,12,7,0.5,6,True
2612,inventory:2612,23,251,9,4,0.5,3,True
2613,inventory:2613,23,403,57,25,2.96,4,True
2614,inventory:2614,23,957,23,19,1.81,5,True
2615,inventory:2615,23,1352,5,7,0.5,6,True
2616,inventory:2616,23,1349,8,7,0.5,5,True
2617,inventory:2617,23,1351,7,5,0.5,3,True
2618,inventory:2618,23,60,6,5,0.5,4,True
2619,inventory:2619,23,24,11,6,0.5,7,True
2620,inventory:2620,23,567,9,7,0.5,5,True
2621,inventory:2621,23,893,9,6,0.5,5,True
2622,inventory:2622,23,924,4,4,0.5,7,True
2623,inventory:2623,23,905,12,5,0.5,4,True
2624,inventory:2624,23,564,8,6,0.5,7,True
2625,inventory:2625,23,885,8,6,0.5,6,True
2626,inventory:2626,23,1363,11,6,0.5,5,True
2627,inventory:2627,23,1353,9,6,0.5,3,True
2628,inventory:2628,23,1357,17,7,0.5,9,True
2629,inventory:2629,23,906,5,6,0.5,8,True
2630,inventory:2630,23,886,13,6,0.5,7,True
2631,inventory:2631,23,926,6,7,0.5,9,True
2632,inventory:2632,23,116,13,6,0.5,7,True
2633,inventory:2633,23,235,9,6,0.5,7,True
2634,inventory:2634,23,273,6,6,0.5,5,True
2635,inventory:2635,23,282,16,7,0.5,3,True
2636,inventory:2636,23,359,8,7,0.5,3,True
2637,inventory:2637,23,565,10,5,0.5,3,True
2638,inventory:2638,23,572,14,6,0.5,4,True
2639,inventory:2639,23,804,12,6,0.5,5,True
2640,inventory:2640,23,822,12,5,0.5,7,True
2641,inventory:2641,23,835,2,4,0.5,7,True
2642,inventory:2642,23,276,12,7,0.5,8,True
2643,inventory:2643,23,823,9,7,0.5,8,True
2644,inventory:2644,23,203,16,7,0.5,4,True
2645,inventory:2645,23,364,7,7,0.5,4,True
2646,inventory:2646,23,1350,6,5,0.5,9,True
2647,inventory:2647,23,897,5,4,0.5,9,True
2648,inventory:2648,23,37,4,6,0.5,5,True
2649,inventory:2649,23,172,4,7,0.5,8,True
2650,inventory:2650,23,810,12,5,0.5,6,True
2651,inventory:2651,23,821,9,4,0.5,4,True
2652,inventory:2652,23,93,12,7,0.5,7,True
2653,inventory:2653,23,1347,12,7,0.5,6,True
2654,inventory:2654,23,305,13,6,0.5,4,True
2655,inventory:2655,23,1004,33,26,2.38,7,True
2656,inventory:2656,23,1346,9,6,0.5,8,True
2657,inventory:2657,23,58,12,6,0.5,5,True
2658,inventory:2658,23,311,2,5,0.5,4,True
2659,inventory:2659,23,303,10,5,0.5,4,True
2660,inventory:2660,23,1354,6,6,0.5,8,True
2661,inventory:2661,23,1348,3,4,0.5,8,True
2662,inventory:2662,23,78,11,7,0.5,5,True
2663,inventory:2663,23,258,16,7,0.5,8,True
2664,inventory:2664,23,797,8,4,0.5,3,True
2665,inventory:2665,23,981,11,5,0.5,7,True
2666,inventory:2666,23,1355,11,5,0.5,9,True
2667,inventory:2667,23,135,4,6,0.5,7,True
2668,inventory:2668,23,134,11,7,0.5,5,True
2669,inventory:2669,23,845,8,4,0.5,3,True
2670,inventory:2670,23,982,8,5,0.5,5,True
2671,inventory:2671,23,625,8,5,0.5,7,True
2672,inventory:2672,23,1359,11,5,0.5,6,True
2673,inventory:2673,23,1356,7,5,0.5,9,True
2674,inventory:2674,23,607,14,6,0.5,7,True
2675,inventory:2675,23,1358,14,6,0.5,5,True
2676,inventory:2676,23,1362,8,5,0.5,3,True
2677,inventory:2677,23,295,7,6,0.5,3,True
2678,inventory:2678,23,127,9,7,0.5,5,True
2679,inventory:2679,23,61,14,7,0.5,3,True
2680,inventory:2680,23,35,11,6,0.5,8,True
2681,inventory:2681,23,858,3,6,0.5,4,True
2682,inventory:2682,23,860,11,5,0.5,3,True
2683,inventory:2683,23,216,3,5,0.5,8,True
2684,inventory:2684,23,19,5,7,0.5,4,True
2685,inventory:2685,23,226,2,5,0.5,4,True
2686,inventory:2686,23,208,12,5,0.5,8,True
2687,inventory:2687,23,793,11,6,0.5,5,True
2688,inventory:2688,23,792,11,6,0.5,8,True
2689,inventory:2689,23,786,10,6,0.5,7,True
2690,inventory:2690,23,778,13,7,0.5,4,True
2691,inventory:2691,23,777,9,5,0.5,8,True
2692,inventory:2692,23,775,7,7,0.5,9,True
2693,inventory:2693,23,773,4,5,0.5,9,True
2694,inventory:2694,23,771,6,7,0.5,6,True
2695,inventory:2695,23,768,11,5,0.5,5,True
2696,inventory:2696,23,743,11,6,0.5,4,True
2697,inventory:2697,23,730,14,6,0.5,8,True
2698,inventory:2698,23,728,9,7,0.5,6,True
2699,inventory:2699,23,725,3,6,0.5,9,True
2700,inventory:2700,23,724,8,5,0.5,3,True
2701,inventory:2701,23,715,7,6,0.5,4,True
2702,inventory:2702,23,705,3,6,0.5,6,True
2703,inventory:2703,23,703,3,5,0.5,8,True
2704,inventory:2704,23,691,8,6,0.5,9,True
2705,inventory:2705,23,677,3,6,0.5,7,True
2706,inventory:2706,23,671,9,7,0.5,4,True
2707,inventory:2707,23,666,12,7,0.5,3,True
2708,inventory:2708,23,652,8,6,0.5,3,True
2709,inventory:2709,23,647,3,6,0.5,5,True
2710,inventory:2710,23,646,12,5,0.5,6,True
2711,inventory:2711,23,1361,4,5,0.5,7,True
2712,inventory:2712,23,1073,27,27,2.13,9,True
2713,inventory:2713,23,1059,9,5,0.5,4,True
2714,inventory:2714,23,1014,55,86,7.45,7,True
